primary_type,date,latitude,longitude,name,tempmax,tempmin,temp,feelslikemax,feelslikemin,feelslike,dew,humidity,precip,precipprob,precipcover,preciptype,snow,snowdepth,windgust,windspeed,winddir,sealevelpressure,cloudcover,visibility,solarradiation,solarenergy,uvindex,severerisk,sunrise,sunset,moonphase,conditions,description,icon,stations
NARCOTICS,2025-03-19 00:00:00,41.86741335,-87.695926092,,,,,,,,,,,,,,,,,,,,,,,,,,,,,,,,
THEFT,2025-03-19 00:00:00,41.976290414,-87.905227221,,,,,,,,,,,,,,,,,,,,,,,,,,,,,,,,
DECEPTIVE PRACTICE,2025-03-19 00:00:00,41.797348638,-87.624157454,,,,,,,,,,,,,,,,,,,,,,,,,,,,,,,,
DECEPTIVE PRACTICE,2025-03-19 00:00:00,41.793731105,-87.624065316,,,,,,,,,,,,,,,,,,,,,,,,,,,,,,,,
DECEPTIVE PRACTICE,2025-03-19 00:00:00,41.671641702,-87.642921313,,,,,,,,,,,,,,,,,,,,,,,,,,,,,,,,
CRIMINAL SEXUAL ASSAULT,2025-03-19 00:00:00,41.895002822,-87.621454706,,,,,,,,,,,,,,,,,,,,,,,,,,,,,,,,
ASSAULT,2025-03-19 00:00:00,41.885888079,-87.627942238,,,,,,,,,,,,,,,,,,,,,,,,,,,,,,,,
CRIMINAL DAMAGE,2025-03-19 00:00:00,41.97852489,-87.836589041,,,,,,,,,,,,,,,,,,,,,,,,,,,,,,,,
MOTOR VEHICLE THEFT,2025-03-18 23:57:00,41.862422995,-87.626313277,,,,,,,,,,,,,,,,,,,,,,,,,,,,,,,,
CRIMINAL DAMAGE,2025-03-18 23:52:00,41.873968788,-87.625987769,,,,,,,,,,,,,,,,,,,,,,,,,,,,,,,,
THEFT,2025-03-18 23:45:00,41.974473519,-87.809826125,,,,,,,,,,,,,,,,,,,,,,,,,,,,,,,,
NARCOTICS,2025-03-18 23:41:00,41.969243509,-87.760494984,,,,,,,,,,,,,,,,,,,,,,,,,,,,,,,,
BURGLARY,2025-03-18 23:30:00,41.803518035,-87.59672465,,,,,,,,,,,,,,,,,,,,,,,,,,,,,,,,
BATTERY,2025-03-18 23:30:00,41.749476996,-87.603528681,,,,,,,,,,,,,,,,,,,,,,,,,,,,,,,,
MOTOR VEHICLE THEFT,2025-03-18 23:30:00,41.774210511,-87.590552872,,,,,,,,,,,,,,,,,,,,,,,,,,,,,,,,
HOMICIDE,2025-03-18 23:27:00,41.769185486,-87.625732415,,,,,,,,,,,,,,,,,,,,,,,,,,,,,,,,
CRIMINAL TRESPASS,2025-03-18 23:26:00,41.874493357,-87.71446062,,,,,,,,,,,,,,,,,,,,,,,,,,,,,,,,
OTHER OFFENSE,2025-03-18 23:23:00,41.91654447,-87.702061981,,,,,,,,,,,,,,,,,,,,,,,,,,,,,,,,
NARCOTICS,2025-03-18 23:19:00,41.866373508,-87.708451909,,,,,,,,,,,,,,,,,,,,,,,,,,,,,,,,
BATTERY,2025-03-18 23:09:00,41.764209513,-87.683228721,,,,,,,,,,,,,,,,,,,,,,,,,,,,,,,,
CRIMINAL DAMAGE,2025-03-18 23:06:00,41.855524939,-87.6978538,,,,,,,,,,,,,,,,,,,,,,,,,,,,,,,,
THEFT,2025-03-18 23:04:00,41.772972076,-87.644610871,,,,,,,,,,,,,,,,,,,,,,,,,,,,,,,,
MOTOR VEHICLE THEFT,2025-03-18 23:00:00,41.808500903,-87.616562762,,,,,,,,,,,,,,,,,,,,,,,,,,,,,,,,
OTHER OFFENSE,2025-03-18 23:00:00,41.975773105,-87.705103499,,,,,,,,,,,,,,,,,,,,,,,,,,,,,,,,
MOTOR VEHICLE THEFT,2025-03-18 23:00:00,41.945900793,-87.764824648,,,,,,,,,,,,,,,,,,,,,,,,,,,,,,,,
THEFT,2025-03-18 23:00:00,41.779618724,-87.653822953,,,,,,,,,,,,,,,,,,,,,,,,,,,,,,,,
CRIMINAL SEXUAL ASSAULT,2025-03-18 23:00:00,41.782140877,-87.686167814,,,,,,,,,,,,,,,,,,,,,,,,,,,,,,,,
OTHER OFFENSE,2025-03-18 22:48:00,41.760361887,-87.58617869,,,,,,,,,,,,,,,,,,,,,,,,,,,,,,,,
CRIMINAL DAMAGE,2025-03-18 22:42:00,41.705535387,-87.701310527,,,,,,,,,,,,,,,,,,,,,,,,,,,,,,,,
PROSTITUTION,2025-03-18 22:41:00,41.803515121,-87.743044463,,,,,,,,,,,,,,,,,,,,,,,,,,,,,,,,
THEFT,2025-03-18 22:38:00,41.97443857,-87.81119077,,,,,,,,,,,,,,,,,,,,,,,,,,,,,,,,
BURGLARY,2025-03-18 22:30:00,41.940351706,-87.727217913,,,,,,,,,,,,,,,,,,,,,,,,,,,,,,,,
MOTOR VEHICLE THEFT,2025-03-18 22:30:00,41.735032431,-87.655747658,,,,,,,,,,,,,,,,,,,,,,,,,,,,,,,,
OTHER OFFENSE,2025-03-18 22:30:00,41.749287997,-87.572282625,,,,,,,,,,,,,,,,,,,,,,,,,,,,,,,,
OTHER OFFENSE,2025-03-18 22:27:00,41.884736687,-87.756447037,,,,,,,,,,,,,,,,,,,,,,,,,,,,,,,,
ASSAULT,2025-03-18 22:25:00,41.806914497,-87.604318647,,,,,,,,,,,,,,,,,,,,,,,,,,,,,,,,
WEAPONS VIOLATION,2025-03-18 22:21:00,41.870211606,-87.742460618,,,,,,,,,,,,,,,,,,,,,,,,,,,,,,,,
THEFT,2025-03-18 22:17:00,41.917656022,-87.688750258,,,,,,,,,,,,,,,,,,,,,,,,,,,,,,,,
SEX OFFENSE,2025-03-18 22:15:00,41.689296072,-87.660511446,,,,,,,,,,,,,,,,,,,,,,,,,,,,,,,,
BATTERY,2025-03-18 22:11:00,41.930459856,-87.643753566,,,,,,,,,,,,,,,,,,,,,,,,,,,,,,,,
BATTERY,2025-03-18 22:07:00,41.925241766,-87.732917074,,,,,,,,,,,,,,,,,,,,,,,,,,,,,,,,
BURGLARY,2025-03-18 22:03:00,41.904297264,-87.765730206,,,,,,,,,,,,,,,,,,,,,,,,,,,,,,,,
SEX OFFENSE,2025-03-18 22:00:00,42.008008097,-87.65990463,,,,,,,,,,,,,,,,,,,,,,,,,,,,,,,,
THEFT,2025-03-18 22:00:00,41.74145018,-87.58691095,,,,,,,,,,,,,,,,,,,,,,,,,,,,,,,,
BATTERY,2025-03-18 22:00:00,41.851436512,-87.646460241,,,,,,,,,,,,,,,,,,,,,,,,,,,,,,,,
BATTERY,2025-03-18 22:00:00,41.898642738,-87.749577975,,,,,,,,,,,,,,,,,,,,,,,,,,,,,,,,
BATTERY,2025-03-18 22:00:00,41.789406165,-87.668112217,,,,,,,,,,,,,,,,,,,,,,,,,,,,,,,,
CRIMINAL DAMAGE,2025-03-18 22:00:00,41.852670072,-87.6942409,,,,,,,,,,,,,,,,,,,,,,,,,,,,,,,,
CRIMINAL DAMAGE,2025-03-18 22:00:00,41.87979721,-87.696251029,,,,,,,,,,,,,,,,,,,,,,,,,,,,,,,,
THEFT,2025-03-18 21:59:00,41.796956837,-87.668309189,,,,,,,,,,,,,,,,,,,,,,,,,,,,,,,,
BATTERY,2025-03-18 21:57:00,41.879893301,-87.627721751,,,,,,,,,,,,,,,,,,,,,,,,,,,,,,,,
PROSTITUTION,2025-03-18 21:52:00,41.802980697,-87.74425237,,,,,,,,,,,,,,,,,,,,,,,,,,,,,,,,
ASSAULT,2025-03-18 21:50:00,41.652862356,-87.604722771,,,,,,,,,,,,,,,,,,,,,,,,,,,,,,,,
MOTOR VEHICLE THEFT,2025-03-18 21:50:00,41.792174878,-87.619157607,,,,,,,,,,,,,,,,,,,,,,,,,,,,,,,,
OTHER OFFENSE,2025-03-18 21:49:00,41.885763413,-87.706261528,,,,,,,,,,,,,,,,,,,,,,,,,,,,,,,,
ROBBERY,2025-03-18 21:48:00,41.7741362,-87.703027762,,,,,,,,,,,,,,,,,,,,,,,,,,,,,,,,
OTHER OFFENSE,2025-03-18 21:48:00,41.773407549,-87.621506778,,,,,,,,,,,,,,,,,,,,,,,,,,,,,,,,
PROSTITUTION,2025-03-18 21:45:00,41.803983231,-87.74228461,,,,,,,,,,,,,,,,,,,,,,,,,,,,,,,,
WEAPONS VIOLATION,2025-03-18 21:45:00,41.996802777,-87.67394701,,,,,,,,,,,,,,,,,,,,,,,,,,,,,,,,
OTHER OFFENSE,2025-03-18 21:39:00,41.767864995,-87.64691256,,,,,,,,,,,,,,,,,,,,,,,,,,,,,,,,
OFFENSE INVOLVING CHILDREN,2025-03-18 21:32:00,41.770944848,-87.588017121,,,,,,,,,,,,,,,,,,,,,,,,,,,,,,,,
WEAPONS VIOLATION,2025-03-18 21:31:00,41.870735748,-87.724075964,,,,,,,,,,,,,,,,,,,,,,,,,,,,,,,,
DECEPTIVE PRACTICE,2025-03-18 21:30:00,41.990812564,-87.668774407,,,,,,,,,,,,,,,,,,,,,,,,,,,,,,,,
BATTERY,2025-03-18 21:30:00,41.691839293,-87.676986704,,,,,,,,,,,,,,,,,,,,,,,,,,,,,,,,
MOTOR VEHICLE THEFT,2025-03-18 21:30:00,41.682597593,-87.615234462,,,,,,,,,,,,,,,,,,,,,,,,,,,,,,,,
BATTERY,2025-03-18 21:30:00,41.805261185,-87.72840851,,,,,,,,,,,,,,,,,,,,,,,,,,,,,,,,
THEFT,2025-03-18 21:30:00,41.904641156,-87.634506098,,,,,,,,,,,,,,,,,,,,,,,,,,,,,,,,
BATTERY,2025-03-18 21:30:00,41.872632044,-87.716879846,,,,,,,,,,,,,,,,,,,,,,,,,,,,,,,,
THEFT,2025-03-18 21:30:00,41.749406503,-87.723736721,,,,,,,,,,,,,,,,,,,,,,,,,,,,,,,,
WEAPONS VIOLATION,2025-03-18 21:22:00,41.760849561,-87.643080143,,,,,,,,,,,,,,,,,,,,,,,,,,,,,,,,
CRIMINAL DAMAGE,2025-03-18 21:20:00,42.003479882,-87.674510889,,,,,,,,,,,,,,,,,,,,,,,,,,,,,,,,
NARCOTICS,2025-03-18 21:18:00,41.903608106,-87.72389579,,,,,,,,,,,,,,,,,,,,,,,,,,,,,,,,
BATTERY,2025-03-18 21:14:00,41.998424586,-87.689903996,,,,,,,,,,,,,,,,,,,,,,,,,,,,,,,,
OTHER OFFENSE,2025-03-18 21:13:00,41.873699424,-87.704705156,,,,,,,,,,,,,,,,,,,,,,,,,,,,,,,,
ROBBERY,2025-03-18 21:12:00,41.876196845,-87.724082848,,,,,,,,,,,,,,,,,,,,,,,,,,,,,,,,
BATTERY,2025-03-18 21:09:00,41.883255958,-87.734691097,,,,,,,,,,,,,,,,,,,,,,,,,,,,,,,,
WEAPONS VIOLATION,2025-03-18 21:06:00,41.765157518,-87.620069455,,,,,,,,,,,,,,,,,,,,,,,,,,,,,,,,
THEFT,2025-03-18 21:03:00,41.803671998,-87.703846021,,,,,,,,,,,,,,,,,,,,,,,,,,,,,,,,
OFFENSE INVOLVING CHILDREN,2025-03-18 21:00:00,41.883113259,-87.746924756,,,,,,,,,,,,,,,,,,,,,,,,,,,,,,,,
BATTERY,2025-03-18 21:00:00,41.761605723,-87.604223289,,,,,,,,,,,,,,,,,,,,,,,,,,,,,,,,
ASSAULT,2025-03-18 21:00:00,41.932363907,-87.752831763,,,,,,,,,,,,,,,,,,,,,,,,,,,,,,,,
MOTOR VEHICLE THEFT,2025-03-18 21:00:00,41.762279233,-87.671035209,,,,,,,,,,,,,,,,,,,,,,,,,,,,,,,,
CRIMINAL SEXUAL ASSAULT,2025-03-18 21:00:00,41.885001213,-87.725791327,,,,,,,,,,,,,,,,,,,,,,,,,,,,,,,,
BATTERY,2025-03-18 21:00:00,41.787858231,-87.716273609,,,,,,,,,,,,,,,,,,,,,,,,,,,,,,,,
KIDNAPPING,2025-03-18 21:00:00,41.898523425,-87.728642098,,,,,,,,,,,,,,,,,,,,,,,,,,,,,,,,
BATTERY,2025-03-18 21:00:00,42.016329369,-87.690209293,,,,,,,,,,,,,,,,,,,,,,,,,,,,,,,,
BATTERY,2025-03-18 21:00:00,41.932363907,-87.752831763,,,,,,,,,,,,,,,,,,,,,,,,,,,,,,,,
THEFT,2025-03-18 20:59:00,41.926716787,-87.648806251,,,,,,,,,,,,,,,,,,,,,,,,,,,,,,,,
THEFT,2025-03-18 20:55:00,41.787779851,-87.687533829,,,,,,,,,,,,,,,,,,,,,,,,,,,,,,,,
CRIMINAL DAMAGE,2025-03-18 20:53:00,41.83560068,-87.646218605,,,,,,,,,,,,,,,,,,,,,,,,,,,,,,,,
BATTERY,2025-03-18 20:53:00,41.8718854,-87.704190546,,,,,,,,,,,,,,,,,,,,,,,,,,,,,,,,
HOMICIDE,2025-03-18 20:50:00,41.962918455,-87.71608752,,,,,,,,,,,,,,,,,,,,,,,,,,,,,,,,
BATTERY,2025-03-18 20:47:00,41.763181992,-87.609161079,,,,,,,,,,,,,,,,,,,,,,,,,,,,,,,,
MOTOR VEHICLE THEFT,2025-03-18 20:45:00,41.83554127,-87.645004622,,,,,,,,,,,,,,,,,,,,,,,,,,,,,,,,
INTERFERENCE WITH PUBLIC OFFICER,2025-03-18 20:42:00,41.909577258,-87.749867783,,,,,,,,,,,,,,,,,,,,,,,,,,,,,,,,
CRIMINAL TRESPASS,2025-03-18 20:39:00,41.751293082,-87.604724801,,,,,,,,,,,,,,,,,,,,,,,,,,,,,,,,
OTHER OFFENSE,2025-03-18 20:35:00,41.778545198,-87.690940817,,,,,,,,,,,,,,,,,,,,,,,,,,,,,,,,
BATTERY,2025-03-18 20:34:00,41.776673882,-87.670223549,,,,,,,,,,,,,,,,,,,,,,,,,,,,,,,,
WEAPONS VIOLATION,2025-03-18 20:33:00,41.798102003,-87.717172886,,,,,,,,,,,,,,,,,,,,,,,,,,,,,,,,
OTHER OFFENSE,2025-03-18 20:30:00,41.764206828,-87.589590618,,,,,,,,,,,,,,,,,,,,,,,,,,,,,,,,
BATTERY,2025-03-18 20:30:00,41.883113259,-87.746924756,,,,,,,,,,,,,,,,,,,,,,,,,,,,,,,,
MOTOR VEHICLE THEFT,2025-03-18 20:30:00,41.955699776,-87.654576994,,,,,,,,,,,,,,,,,,,,,,,,,,,,,,,,
BATTERY,2025-03-18 20:30:00,41.803181616,-87.585432024,,,,,,,,,,,,,,,,,,,,,,,,,,,,,,,,
THEFT,2025-03-18 20:30:00,41.86557542,-87.671313862,,,,,,,,,,,,,,,,,,,,,,,,,,,,,,,,
THEFT,2025-03-18 20:30:00,41.903986299,-87.716604043,,,,,,,,,,,,,,,,,,,,,,,,,,,,,,,,
THEFT,2025-03-18 20:30:00,41.904263209,-87.667894747,,,,,,,,,,,,,,,,,,,,,,,,,,,,,,,,
BATTERY,2025-03-18 20:30:00,41.782987366,-87.615692028,,,,,,,,,,,,,,,,,,,,,,,,,,,,,,,,
THEFT,2025-03-18 20:29:00,41.927992712,-87.641913321,,,,,,,,,,,,,,,,,,,,,,,,,,,,,,,,
CRIMINAL DAMAGE,2025-03-18 20:29:00,41.829193089,-87.6972447,,,,,,,,,,,,,,,,,,,,,,,,,,,,,,,,
ASSAULT,2025-03-18 20:23:00,41.715494744,-87.662142881,,,,,,,,,,,,,,,,,,,,,,,,,,,,,,,,
BATTERY,2025-03-18 20:23:00,41.877882222,-87.73354419,,,,,,,,,,,,,,,,,,,,,,,,,,,,,,,,
OFFENSE INVOLVING CHILDREN,2025-03-18 20:20:00,41.949640324,-87.713238008,,,,,,,,,,,,,,,,,,,,,,,,,,,,,,,,
CRIMINAL DAMAGE,2025-03-18 20:20:00,41.816647623,-87.615958344,,,,,,,,,,,,,,,,,,,,,,,,,,,,,,,,
THEFT,2025-03-18 20:19:00,41.990615196,-87.683188577,,,,,,,,,,,,,,,,,,,,,,,,,,,,,,,,
ROBBERY,2025-03-18 20:15:00,41.895808196,-87.731029448,,,,,,,,,,,,,,,,,,,,,,,,,,,,,,,,
BATTERY,2025-03-18 20:15:00,42.016329369,-87.690209293,,,,,,,,,,,,,,,,,,,,,,,,,,,,,,,,
CONCEALED CARRY LICENSE VIOLATION,2025-03-18 20:13:00,41.917510822,-87.716778803,,,,,,,,,,,,,,,,,,,,,,,,,,,,,,,,
HOMICIDE,2025-03-18 20:10:00,41.903481557,-87.732165896,,,,,,,,,,,,,,,,,,,,,,,,,,,,,,,,
WEAPONS VIOLATION,2025-03-18 20:05:00,41.854951882,-87.674084653,,,,,,,,,,,,,,,,,,,,,,,,,,,,,,,,
WEAPONS VIOLATION,2025-03-18 20:05:00,41.976181463,-87.836618285,,,,,,,,,,,,,,,,,,,,,,,,,,,,,,,,
CRIMINAL DAMAGE,2025-03-18 20:00:00,41.922206352,-87.719368223,,,,,,,,,,,,,,,,,,,,,,,,,,,,,,,,
BATTERY,2025-03-18 20:00:00,41.772597284,-87.703644045,,,,,,,,,,,,,,,,,,,,,,,,,,,,,,,,
MOTOR VEHICLE THEFT,2025-03-18 20:00:00,41.775719355,-87.610695476,,,,,,,,,,,,,,,,,,,,,,,,,,,,,,,,
CRIMINAL DAMAGE,2025-03-18 20:00:00,41.850863614,-87.701548336,,,,,,,,,,,,,,,,,,,,,,,,,,,,,,,,
THEFT,2025-03-18 20:00:00,41.870883489,-87.680059831,,,,,,,,,,,,,,,,,,,,,,,,,,,,,,,,
MOTOR VEHICLE THEFT,2025-03-18 20:00:00,41.861419028,-87.627275131,,,,,,,,,,,,,,,,,,,,,,,,,,,,,,,,
BATTERY,2025-03-18 20:00:00,41.779211666,-87.686956197,,,,,,,,,,,,,,,,,,,,,,,,,,,,,,,,
MOTOR VEHICLE THEFT,2025-03-18 20:00:00,41.978411272,-87.791452968,,,,,,,,,,,,,,,,,,,,,,,,,,,,,,,,
MOTOR VEHICLE THEFT,2025-03-18 20:00:00,41.705602973,-87.536495319,,,,,,,,,,,,,,,,,,,,,,,,,,,,,,,,
ROBBERY,2025-03-18 20:00:00,41.822954703,-87.684858125,,,,,,,,,,,,,,,,,,,,,,,,,,,,,,,,
MOTOR VEHICLE THEFT,2025-03-18 20:00:00,41.921943247,-87.702221889,,,,,,,,,,,,,,,,,,,,,,,,,,,,,,,,
THEFT,2025-03-18 20:00:00,41.949724539,-87.660452276,,,,,,,,,,,,,,,,,,,,,,,,,,,,,,,,
MOTOR VEHICLE THEFT,2025-03-18 20:00:00,41.850198974,-87.627024152,,,,,,,,,,,,,,,,,,,,,,,,,,,,,,,,
PUBLIC PEACE VIOLATION,2025-03-18 19:56:00,41.772998982,-87.576478539,,,,,,,,,,,,,,,,,,,,,,,,,,,,,,,,
THEFT,2025-03-18 19:50:00,,,,,,,,,,,,,,,,,,,,,,,,,,,,,,,,,,
ASSAULT,2025-03-18 19:47:00,41.877552552,-87.671050727,,,,,,,,,,,,,,,,,,,,,,,,,,,,,,,,
ASSAULT,2025-03-18 19:47:00,41.794422725,-87.638444086,,,,,,,,,,,,,,,,,,,,,,,,,,,,,,,,
NARCOTICS,2025-03-18 19:46:00,41.794289334,-87.662164888,,,,,,,,,,,,,,,,,,,,,,,,,,,,,,,,
BATTERY,2025-03-18 19:46:00,41.900422074,-87.642471635,,,,,,,,,,,,,,,,,,,,,,,,,,,,,,,,
MOTOR VEHICLE THEFT,2025-03-18 19:45:00,41.971202824,-87.704887321,,,,,,,,,,,,,,,,,,,,,,,,,,,,,,,,
MOTOR VEHICLE THEFT,2025-03-18 19:45:00,41.807135624,-87.724788974,,,,,,,,,,,,,,,,,,,,,,,,,,,,,,,,
MOTOR VEHICLE THEFT,2025-03-18 19:45:00,41.878521427,-87.751101417,,,,,,,,,,,,,,,,,,,,,,,,,,,,,,,,
ASSAULT,2025-03-18 19:40:00,41.795835835,-87.703621991,,,,,,,,,,,,,,,,,,,,,,,,,,,,,,,,
THEFT,2025-03-18 19:40:00,41.889906681,-87.624100509,,,,,,,,,,,,,,,,,,,,,,,,,,,,,,,,
BATTERY,2025-03-18 19:39:00,41.753104057,-87.56262469,,,,,,,,,,,,,,,,,,,,,,,,,,,,,,,,
CRIMINAL DAMAGE,2025-03-18 19:37:00,41.803201891,-87.72198373,,,,,,,,,,,,,,,,,,,,,,,,,,,,,,,,
ASSAULT,2025-03-18 19:35:00,41.74181305,-87.604967558,,,,,,,,,,,,,,,,,,,,,,,,,,,,,,,,
BATTERY,2025-03-18 19:35:00,41.783800785,-87.647318269,,,,,,,,,,,,,,,,,,,,,,,,,,,,,,,,
WEAPONS VIOLATION,2025-03-18 19:34:00,41.881305634,-87.677563106,,,,,,,,,,,,,,,,,,,,,,,,,,,,,,,,
THEFT,2025-03-18 19:33:00,41.880687961,-87.631561392,,,,,,,,,,,,,,,,,,,,,,,,,,,,,,,,
INTERFERENCE WITH PUBLIC OFFICER,2025-03-18 19:33:00,41.823686629,-87.62836124,,,,,,,,,,,,,,,,,,,,,,,,,,,,,,,,
CRIMINAL DAMAGE,2025-03-18 19:30:00,41.853556748,-87.709263076,,,,,,,,,,,,,,,,,,,,,,,,,,,,,,,,
THEFT,2025-03-18 19:30:00,41.967204294,-87.716994839,,,,,,,,,,,,,,,,,,,,,,,,,,,,,,,,
THEFT,2025-03-18 19:30:00,41.852882701,-87.635528609,,,,,,,,,,,,,,,,,,,,,,,,,,,,,,,,
MOTOR VEHICLE THEFT,2025-03-18 19:30:00,41.876547702,-87.655451911,,,,,,,,,,,,,,,,,,,,,,,,,,,,,,,,
THEFT,2025-03-18 19:30:00,41.903762254,-87.720375159,,,,,,,,,,,,,,,,,,,,,,,,,,,,,,,,
ROBBERY,2025-03-18 19:29:00,41.765505468,-87.62396574,,,,,,,,,,,,,,,,,,,,,,,,,,,,,,,,
BATTERY,2025-03-18 19:29:00,41.881088655,-87.720764494,,,,,,,,,,,,,,,,,,,,,,,,,,,,,,,,
WEAPONS VIOLATION,2025-03-18 19:29:00,41.752047871,-87.673793697,,,,,,,,,,,,,,,,,,,,,,,,,,,,,,,,
OTHER OFFENSE,2025-03-18 19:27:00,41.691789182,-87.636316844,,,,,,,,,,,,,,,,,,,,,,,,,,,,,,,,
THEFT,2025-03-18 19:27:00,41.925843451,-87.702341464,,,,,,,,,,,,,,,,,,,,,,,,,,,,,,,,
OTHER OFFENSE,2025-03-18 19:26:00,41.707028924,-87.634138036,,,,,,,,,,,,,,,,,,,,,,,,,,,,,,,,
THEFT,2025-03-18 19:25:00,41.943411035,-87.644871123,,,,,,,,,,,,,,,,,,,,,,,,,,,,,,,,
THEFT,2025-03-18 19:25:00,41.86821682,-87.6304532,,,,,,,,,,,,,,,,,,,,,,,,,,,,,,,,
OTHER OFFENSE,2025-03-18 19:24:00,41.923001356,-87.757340803,,,,,,,,,,,,,,,,,,,,,,,,,,,,,,,,
CRIMINAL DAMAGE,2025-03-18 19:15:00,41.786488972,-87.722978554,,,,,,,,,,,,,,,,,,,,,,,,,,,,,,,,
THEFT,2025-03-18 19:15:00,41.98651861,-87.65528697,,,,,,,,,,,,,,,,,,,,,,,,,,,,,,,,
THEFT,2025-03-18 19:13:00,41.742656445,-87.632018466,,,,,,,,,,,,,,,,,,,,,,,,,,,,,,,,
WEAPONS VIOLATION,2025-03-18 19:11:00,41.694393036,-87.624121555,,,,,,,,,,,,,,,,,,,,,,,,,,,,,,,,
ASSAULT,2025-03-18 19:11:00,41.717255488,-87.568833047,,,,,,,,,,,,,,,,,,,,,,,,,,,,,,,,
OTHER OFFENSE,2025-03-18 19:08:00,41.766489174,-87.637180391,,,,,,,,,,,,,,,,,,,,,,,,,,,,,,,,
THEFT,2025-03-18 19:08:00,41.852535656,-87.72352562,,,,,,,,,,,,,,,,,,,,,,,,,,,,,,,,
THEFT,2025-03-18 19:08:00,41.930906002,-87.644017035,,,,,,,,,,,,,,,,,,,,,,,,,,,,,,,,
BURGLARY,2025-03-18 19:00:00,41.733537555,-87.604745981,,,,,,,,,,,,,,,,,,,,,,,,,,,,,,,,
CRIMINAL DAMAGE,2025-03-18 19:00:00,41.780357579,-87.682369028,,,,,,,,,,,,,,,,,,,,,,,,,,,,,,,,
PUBLIC PEACE VIOLATION,2025-03-18 19:00:00,41.74064602,-87.545387414,,,,,,,,,,,,,,,,,,,,,,,,,,,,,,,,
MOTOR VEHICLE THEFT,2025-03-18 19:00:00,41.851527814,-87.72598339,,,,,,,,,,,,,,,,,,,,,,,,,,,,,,,,
OTHER OFFENSE,2025-03-18 19:00:00,41.994924167,-87.701975919,,,,,,,,,,,,,,,,,,,,,,,,,,,,,,,,
DECEPTIVE PRACTICE,2025-03-18 19:00:00,41.893223483,-87.63153437,,,,,,,,,,,,,,,,,,,,,,,,,,,,,,,,
BATTERY,2025-03-18 19:00:00,41.73882593,-87.67286277,,,,,,,,,,,,,,,,,,,,,,,,,,,,,,,,
MOTOR VEHICLE THEFT,2025-03-18 19:00:00,41.90322869,-87.74910274,,,,,,,,,,,,,,,,,,,,,,,,,,,,,,,,
CRIMINAL DAMAGE,2025-03-18 19:00:00,41.883330195,-87.764964695,,,,,,,,,,,,,,,,,,,,,,,,,,,,,,,,
ROBBERY,2025-03-18 19:00:00,41.877851081,-87.735993683,,,,,,,,,,,,,,,,,,,,,,,,,,,,,,,,
BATTERY,2025-03-18 19:00:00,41.930867395,-87.718392147,,,,,,,,,,,,,,,,,,,,,,,,,,,,,,,,
MOTOR VEHICLE THEFT,2025-03-18 19:00:00,42.004754506,-87.665715366,,,,,,,,,,,,,,,,,,,,,,,,,,,,,,,,
BATTERY,2025-03-18 19:00:00,41.993019696,-87.699485951,,,,,,,,,,,,,,,,,,,,,,,,,,,,,,,,
THEFT,2025-03-18 19:00:00,41.893223483,-87.63153437,,,,,,,,,,,,,,,,,,,,,,,,,,,,,,,,
MOTOR VEHICLE THEFT,2025-03-18 19:00:00,41.777910175,-87.609527011,,,,,,,,,,,,,,,,,,,,,,,,,,,,,,,,
CRIMINAL DAMAGE,2025-03-18 19:00:00,41.702872581,-87.605183816,,,,,,,,,,,,,,,,,,,,,,,,,,,,,,,,
CRIMINAL DAMAGE,2025-03-18 19:00:00,41.74927985,-87.65977186,,,,,,,,,,,,,,,,,,,,,,,,,,,,,,,,
BATTERY,2025-03-18 18:50:00,41.778661804,-87.692164197,,,,,,,,,,,,,,,,,,,,,,,,,,,,,,,,
BATTERY,2025-03-18 18:47:00,41.884493583,-87.626980736,,,,,,,,,,,,,,,,,,,,,,,,,,,,,,,,
THEFT,2025-03-18 18:45:00,41.933803995,-87.767548813,,,,,,,,,,,,,,,,,,,,,,,,,,,,,,,,
MOTOR VEHICLE THEFT,2025-03-18 18:45:00,41.766102387,-87.573539169,,,,,,,,,,,,,,,,,,,,,,,,,,,,,,,,
BATTERY,2025-03-18 18:45:00,41.996454513,-87.700813015,,,,,,,,,,,,,,,,,,,,,,,,,,,,,,,,
CRIMINAL DAMAGE,2025-03-18 18:42:00,41.959549592,-87.68442362,,,,,,,,,,,,,,,,,,,,,,,,,,,,,,,,
BATTERY,2025-03-18 18:40:00,41.749658966,-87.670695872,,,,,,,,,,,,,,,,,,,,,,,,,,,,,,,,
BATTERY,2025-03-18 18:37:00,41.976762981,-87.900983721,,,,,,,,,,,,,,,,,,,,,,,,,,,,,,,,
ASSAULT,2025-03-18 18:35:00,41.883256053,-87.734709457,,,,,,,,,,,,,,,,,,,,,,,,,,,,,,,,
THEFT,2025-03-18 18:33:00,41.953439027,-87.746258499,,,,,,,,,,,,,,,,,,,,,,,,,,,,,,,,
ASSAULT,2025-03-18 18:30:00,41.938686409,-87.757699537,,,,,,,,,,,,,,,,,,,,,,,,,,,,,,,,
BATTERY,2025-03-18 18:30:00,41.771222117,-87.735440654,,,,,,,,,,,,,,,,,,,,,,,,,,,,,,,,
DECEPTIVE PRACTICE,2025-03-18 18:30:00,41.997824365,-87.684189426,,,,,,,,,,,,,,,,,,,,,,,,,,,,,,,,
BATTERY,2025-03-18 18:30:00,41.894996775,-87.746569975,,,,,,,,,,,,,,,,,,,,,,,,,,,,,,,,
ASSAULT,2025-03-18 18:25:00,41.964667506,-87.721398534,,,,,,,,,,,,,,,,,,,,,,,,,,,,,,,,
CRIMINAL DAMAGE,2025-03-18 18:23:00,41.963452698,-87.7083168,,,,,,,,,,,,,,,,,,,,,,,,,,,,,,,,
WEAPONS VIOLATION,2025-03-18 18:22:00,41.750940757,-87.625185222,,,,,,,,,,,,,,,,,,,,,,,,,,,,,,,,
BATTERY,2025-03-18 18:20:00,41.880320753,-87.759097628,,,,,,,,,,,,,,,,,,,,,,,,,,,,,,,,
CRIMINAL DAMAGE,2025-03-18 18:15:00,41.880910498,-87.760142581,,,,,,,,,,,,,,,,,,,,,,,,,,,,,,,,
MOTOR VEHICLE THEFT,2025-03-18 18:15:00,42.017182803,-87.673765955,,,,,,,,,,,,,,,,,,,,,,,,,,,,,,,,
BATTERY,2025-03-18 18:14:00,41.8769047,-87.629043466,,,,,,,,,,,,,,,,,,,,,,,,,,,,,,,,
BATTERY,2025-03-18 18:10:00,41.654898347,-87.605106003,,,,,,,,,,,,,,,,,,,,,,,,,,,,,,,,
CRIMINAL DAMAGE,2025-03-18 18:09:00,41.837650931,-87.646266397,,,,,,,,,,,,,,,,,,,,,,,,,,,,,,,,
BATTERY,2025-03-18 18:07:00,41.867189726,-87.716282303,,,,,,,,,,,,,,,,,,,,,,,,,,,,,,,,
BATTERY,2025-03-18 18:07:00,41.867191464,-87.716095047,,,,,,,,,,,,,,,,,,,,,,,,,,,,,,,,
ASSAULT,2025-03-18 18:06:00,41.838044411,-87.646442003,,,,,,,,,,,,,,,,,,,,,,,,,,,,,,,,
DECEPTIVE PRACTICE,2025-03-18 18:05:00,41.838814549,-87.623263115,,,,,,,,,,,,,,,,,,,,,,,,,,,,,,,,
OFFENSE INVOLVING CHILDREN,2025-03-18 18:05:00,,,,,,,,,,,,,,,,,,,,,,,,,,,,,,,,,,
SEX OFFENSE,2025-03-18 18:05:00,41.895700883,-87.690972853,,,,,,,,,,,,,,,,,,,,,,,,,,,,,,,,
THEFT,2025-03-18 18:03:00,41.895407139,-87.624263706,,,,,,,,,,,,,,,,,,,,,,,,,,,,,,,,
BATTERY,2025-03-18 18:00:00,41.753104057,-87.56262469,,,,,,,,,,,,,,,,,,,,,,,,,,,,,,,,
SEX OFFENSE,2025-03-18 18:00:00,41.9411554,-87.643061268,,,,,,,,,,,,,,,,,,,,,,,,,,,,,,,,
DECEPTIVE PRACTICE,2025-03-18 18:00:00,41.830611847,-87.623247369,,,,,,,,,,,,,,,,,,,,,,,,,,,,,,,,
CRIMINAL SEXUAL ASSAULT,2025-03-18 18:00:00,41.765763563,-87.586317625,,,,,,,,,,,,,,,,,,,,,,,,,,,,,,,,
CRIMINAL DAMAGE,2025-03-18 18:00:00,41.782616128,-87.702537735,,,,,,,,,,,,,,,,,,,,,,,,,,,,,,,,
THEFT,2025-03-18 18:00:00,41.75879731,-87.583180413,,,,,,,,,,,,,,,,,,,,,,,,,,,,,,,,
BATTERY,2025-03-18 18:00:00,41.895199124,-87.664609728,,,,,,,,,,,,,,,,,,,,,,,,,,,,,,,,
MOTOR VEHICLE THEFT,2025-03-18 18:00:00,41.903196526,-87.751957281,,,,,,,,,,,,,,,,,,,,,,,,,,,,,,,,
MOTOR VEHICLE THEFT,2025-03-18 18:00:00,41.85970456,-87.660299244,,,,,,,,,,,,,,,,,,,,,,,,,,,,,,,,
CRIMINAL DAMAGE,2025-03-18 18:00:00,41.737682297,-87.716955682,,,,,,,,,,,,,,,,,,,,,,,,,,,,,,,,
BATTERY,2025-03-18 18:00:00,41.883475491,-87.627876969,,,,,,,,,,,,,,,,,,,,,,,,,,,,,,,,
OTHER OFFENSE,2025-03-18 18:00:00,41.872210893,-87.659496151,,,,,,,,,,,,,,,,,,,,,,,,,,,,,,,,
BATTERY,2025-03-18 18:00:00,41.891741423,-87.721720476,,,,,,,,,,,,,,,,,,,,,,,,,,,,,,,,
CRIMINAL DAMAGE,2025-03-18 18:00:00,41.905193291,-87.719075734,,,,,,,,,,,,,,,,,,,,,,,,,,,,,,,,
CRIMINAL TRESPASS,2025-03-18 17:57:00,41.809193694,-87.697901093,,,,,,,,,,,,,,,,,,,,,,,,,,,,,,,,
DECEPTIVE PRACTICE,2025-03-18 17:57:00,41.895996468,-87.625487641,,,,,,,,,,,,,,,,,,,,,,,,,,,,,,,,
CRIMINAL DAMAGE,2025-03-18 17:55:00,41.966654524,-87.705178388,,,,,,,,,,,,,,,,,,,,,,,,,,,,,,,,
THEFT,2025-03-18 17:50:00,41.917078812,-87.756695962,,,,,,,,,,,,,,,,,,,,,,,,,,,,,,,,
THEFT,2025-03-18 17:45:00,41.802896506,-87.606425428,,,,,,,,,,,,,,,,,,,,,,,,,,,,,,,,
BATTERY,2025-03-18 17:45:00,41.896285,-87.667298068,,,,,,,,,,,,,,,,,,,,,,,,,,,,,,,,
DECEPTIVE PRACTICE,2025-03-18 17:45:00,41.895909413,-87.624276515,,,,,,,,,,,,,,,,,,,,,,,,,,,,,,,,
CRIMINAL DAMAGE,2025-03-18 17:40:00,41.738277932,-87.55752218,,,,,,,,,,,,,,,,,,,,,,,,,,,,,,,,
THEFT,2025-03-18 17:39:00,41.776832515,-87.683577859,,,,,,,,,,,,,,,,,,,,,,,,,,,,,,,,
BATTERY,2025-03-18 17:38:00,41.798518831,-87.622563893,,,,,,,,,,,,,,,,,,,,,,,,,,,,,,,,
MOTOR VEHICLE THEFT,2025-03-18 17:38:00,41.737051087,-87.624176365,,,,,,,,,,,,,,,,,,,,,,,,,,,,,,,,
ASSAULT,2025-03-18 17:38:00,41.735329834,-87.625419019,,,,,,,,,,,,,,,,,,,,,,,,,,,,,,,,
BATTERY,2025-03-18 17:36:00,41.767822402,-87.591920549,,,,,,,,,,,,,,,,,,,,,,,,,,,,,,,,
ROBBERY,2025-03-18 17:35:00,41.824952496,-87.671857262,,,,,,,,,,,,,,,,,,,,,,,,,,,,,,,,
CRIMINAL TRESPASS,2025-03-18 17:35:00,41.689318136,-87.536491292,,,,,,,,,,,,,,,,,,,,,,,,,,,,,,,,
ASSAULT,2025-03-18 17:35:00,42.00167049,-87.673863642,,,,,,,,,,,,,,,,,,,,,,,,,,,,,,,,
DECEPTIVE PRACTICE,2025-03-18 17:33:00,41.895140898,-87.624255632,,,,,,,,,,,,,,,,,,,,,,,,,,,,,,,,
OTHER OFFENSE,2025-03-18 17:33:00,41.875820724,-87.647175913,,,,,,,,,,,,,,,,,,,,,,,,,,,,,,,,
INTERFERENCE WITH PUBLIC OFFICER,2025-03-18 17:33:00,41.790868799,-87.633458695,,,,,,,,,,,,,,,,,,,,,,,,,,,,,,,,
BATTERY,2025-03-18 17:30:00,41.853050802,-87.679004351,,,,,,,,,,,,,,,,,,,,,,,,,,,,,,,,
THEFT,2025-03-18 17:30:00,41.920955955,-87.715966658,,,,,,,,,,,,,,,,,,,,,,,,,,,,,,,,
CRIMINAL DAMAGE,2025-03-18 17:30:00,41.783135594,-87.615697709,,,,,,,,,,,,,,,,,,,,,,,,,,,,,,,,
BATTERY,2025-03-18 17:30:00,41.793192941,-87.663331471,,,,,,,,,,,,,,,,,,,,,,,,,,,,,,,,
OTHER OFFENSE,2025-03-18 17:25:00,41.855520616,-87.62177526,,,,,,,,,,,,,,,,,,,,,,,,,,,,,,,,
ASSAULT,2025-03-18 17:24:00,41.759402215,-87.644268517,,,,,,,,,,,,,,,,,,,,,,,,,,,,,,,,
WEAPONS VIOLATION,2025-03-18 17:24:00,41.863492851,-87.703076036,,,,,,,,,,,,,,,,,,,,,,,,,,,,,,,,
MOTOR VEHICLE THEFT,2025-03-18 17:22:00,41.869311235,-87.663422037,,,,,,,,,,,,,,,,,,,,,,,,,,,,,,,,
ASSAULT,2025-03-18 17:21:00,41.972364558,-87.656304974,,,,,,,,,,,,,,,,,,,,,,,,,,,,,,,,
CRIMINAL DAMAGE,2025-03-18 17:20:00,41.884466819,-87.634266948,,,,,,,,,,,,,,,,,,,,,,,,,,,,,,,,
CRIMINAL TRESPASS,2025-03-18 17:18:00,41.870115413,-87.699210961,,,,,,,,,,,,,,,,,,,,,,,,,,,,,,,,
THEFT,2025-03-18 17:15:00,41.895140898,-87.624255632,,,,,,,,,,,,,,,,,,,,,,,,,,,,,,,,
BATTERY,2025-03-18 17:15:00,41.829389915,-87.606892634,,,,,,,,,,,,,,,,,,,,,,,,,,,,,,,,
THEFT,2025-03-18 17:11:00,41.910533752,-87.653832316,,,,,,,,,,,,,,,,,,,,,,,,,,,,,,,,
THEFT,2025-03-18 17:11:00,41.891694878,-87.626155832,,,,,,,,,,,,,,,,,,,,,,,,,,,,,,,,
ASSAULT,2025-03-18 17:04:00,41.907153315,-87.639680572,,,,,,,,,,,,,,,,,,,,,,,,,,,,,,,,
DECEPTIVE PRACTICE,2025-03-18 17:00:00,41.796693407,-87.704871489,,,,,,,,,,,,,,,,,,,,,,,,,,,,,,,,
DECEPTIVE PRACTICE,2025-03-18 17:00:00,41.913888208,-87.682428428,,,,,,,,,,,,,,,,,,,,,,,,,,,,,,,,
ASSAULT,2025-03-18 17:00:00,41.761016997,-87.643085679,,,,,,,,,,,,,,,,,,,,,,,,,,,,,,,,
BATTERY,2025-03-18 17:00:00,41.743204538,-87.654276649,,,,,,,,,,,,,,,,,,,,,,,,,,,,,,,,
THEFT,2025-03-18 17:00:00,41.893469034,-87.632648229,,,,,,,,,,,,,,,,,,,,,,,,,,,,,,,,
DECEPTIVE PRACTICE,2025-03-18 17:00:00,41.913888208,-87.682428428,,,,,,,,,,,,,,,,,,,,,,,,,,,,,,,,
OTHER OFFENSE,2025-03-18 17:00:00,41.884980786,-87.746668974,,,,,,,,,,,,,,,,,,,,,,,,,,,,,,,,
MOTOR VEHICLE THEFT,2025-03-18 17:00:00,41.744918742,-87.613540066,,,,,,,,,,,,,,,,,,,,,,,,,,,,,,,,
NARCOTICS,2025-03-18 17:00:00,41.860248372,-87.723779062,,,,,,,,,,,,,,,,,,,,,,,,,,,,,,,,
CRIMINAL TRESPASS,2025-03-18 17:00:00,41.87741589,-87.697860959,,,,,,,,,,,,,,,,,,,,,,,,,,,,,,,,
ASSAULT,2025-03-18 17:00:00,41.796913234,-87.646441312,,,,,,,,,,,,,,,,,,,,,,,,,,,,,,,,
ROBBERY,2025-03-18 16:53:00,41.938818753,-87.747513635,,,,,,,,,,,,,,,,,,,,,,,,,,,,,,,,
BATTERY,2025-03-18 16:52:00,41.783318153,-87.594708301,,,,,,,,,,,,,,,,,,,,,,,,,,,,,,,,
THEFT,2025-03-18 16:52:00,41.981051896,-87.668375719,,,,,,,,,,,,,,,,,,,,,,,,,,,,,,,,
OTHER OFFENSE,2025-03-18 16:52:00,41.78984266,-87.649905046,,,,,,,,,,,,,,,,,,,,,,,,,,,,,,,,
THEFT,2025-03-18 16:50:00,41.745544312,-87.595350293,,,,,,,,,,,,,,,,,,,,,,,,,,,,,,,,
ROBBERY,2025-03-18 16:46:00,41.894408446,-87.634143853,,,,,,,,,,,,,,,,,,,,,,,,,,,,,,,,
THEFT,2025-03-18 16:45:00,41.680692908,-87.662446079,,,,,,,,,,,,,,,,,,,,,,,,,,,,,,,,
ASSAULT,2025-03-18 16:45:00,41.797533474,-87.622538107,,,,,,,,,,,,,,,,,,,,,,,,,,,,,,,,
OTHER OFFENSE,2025-03-18 16:44:00,41.736413756,-87.620523151,,,,,,,,,,,,,,,,,,,,,,,,,,,,,,,,
BATTERY,2025-03-18 16:44:00,41.980279422,-87.691767478,,,,,,,,,,,,,,,,,,,,,,,,,,,,,,,,
OTHER OFFENSE,2025-03-18 16:44:00,41.864021376,-87.704374112,,,,,,,,,,,,,,,,,,,,,,,,,,,,,,,,
THEFT,2025-03-18 16:38:00,41.86821682,-87.6304532,,,,,,,,,,,,,,,,,,,,,,,,,,,,,,,,
THEFT,2025-03-18 16:38:00,41.977017622,-87.692447486,,,,,,,,,,,,,,,,,,,,,,,,,,,,,,,,
MOTOR VEHICLE THEFT,2025-03-18 16:37:00,41.780540013,-87.663030565,,,,,,,,,,,,,,,,,,,,,,,,,,,,,,,,
DECEPTIVE PRACTICE,2025-03-18 16:35:00,41.997613644,-87.696541438,,,,,,,,,,,,,,,,,,,,,,,,,,,,,,,,
CRIMINAL DAMAGE,2025-03-18 16:31:00,41.652855669,-87.539882806,,,,,,,,,,,,,,,,,,,,,,,,,,,,,,,,
THEFT,2025-03-18 16:30:00,41.885888079,-87.627942238,,,,,,,,,,,,,,,,,,,,,,,,,,,,,,,,
MOTOR VEHICLE THEFT,2025-03-18 16:30:00,41.788339891,-87.740514226,,,,,,,,,,,,,,,,,,,,,,,,,,,,,,,,
CRIMINAL DAMAGE,2025-03-18 16:30:00,42.003537812,-87.671224782,,,,,,,,,,,,,,,,,,,,,,,,,,,,,,,,
ASSAULT,2025-03-18 16:30:00,41.999000447,-87.887655284,,,,,,,,,,,,,,,,,,,,,,,,,,,,,,,,
THEFT,2025-03-18 16:30:00,41.756225433,-87.636265116,,,,,,,,,,,,,,,,,,,,,,,,,,,,,,,,
BATTERY,2025-03-18 16:30:00,41.877494027,-87.674712257,,,,,,,,,,,,,,,,,,,,,,,,,,,,,,,,
THEFT,2025-03-18 16:30:00,41.733542413,-87.652059289,,,,,,,,,,,,,,,,,,,,,,,,,,,,,,,,
THEFT,2025-03-18 16:20:00,42.019399237,-87.675049485,,,,,,,,,,,,,,,,,,,,,,,,,,,,,,,,
DECEPTIVE PRACTICE,2025-03-18 16:20:00,41.993717892,-87.655501171,,,,,,,,,,,,,,,,,,,,,,,,,,,,,,,,
OTHER OFFENSE,2025-03-18 16:20:00,41.736732889,-87.545823622,,,,,,,,,,,,,,,,,,,,,,,,,,,,,,,,
NARCOTICS,2025-03-18 16:18:00,41.89417324,-87.71871488,,,,,,,,,,,,,,,,,,,,,,,,,,,,,,,,
THEFT,2025-03-18 16:15:00,41.763625742,-87.560182233,,,,,,,,,,,,,,,,,,,,,,,,,,,,,,,,
ASSAULT,2025-03-18 16:15:00,41.764728716,-87.645611748,,,,,,,,,,,,,,,,,,,,,,,,,,,,,,,,
ASSAULT,2025-03-18 16:15:00,41.773085006,-87.568335406,,,,,,,,,,,,,,,,,,,,,,,,,,,,,,,,
MOTOR VEHICLE THEFT,2025-03-18 16:15:00,41.799911401,-87.742952841,,,,,,,,,,,,,,,,,,,,,,,,,,,,,,,,
BATTERY,2025-03-18 16:15:00,41.780155491,-87.586451255,,,,,,,,,,,,,,,,,,,,,,,,,,,,,,,,
NARCOTICS,2025-03-18 16:14:00,41.925761747,-87.768883978,,,,,,,,,,,,,,,,,,,,,,,,,,,,,,,,
CRIMINAL DAMAGE,2025-03-18 16:14:00,41.985091455,-87.77501027,,,,,,,,,,,,,,,,,,,,,,,,,,,,,,,,
BATTERY,2025-03-18 16:10:00,41.721183199,-87.56235057,,,,,,,,,,,,,,,,,,,,,,,,,,,,,,,,
THEFT,2025-03-18 16:08:00,41.940318272,-87.644408194,,,,,,,,,,,,,,,,,,,,,,,,,,,,,,,,
NARCOTICS,2025-03-18 16:08:00,41.76312366,-87.661441472,,,,,,,,,,,,,,,,,,,,,,,,,,,,,,,,
THEFT,2025-03-18 16:06:00,41.929743818,-87.684273777,,,,,,,,,,,,,,,,,,,,,,,,,,,,,,,,
WEAPONS VIOLATION,2025-03-18 16:05:00,41.910272998,-87.736797324,,,,,,,,,,,,,,,,,,,,,,,,,,,,,,,,
THEFT,2025-03-18 16:05:00,41.754784397,-87.557041227,,,,,,,,,,,,,,,,,,,,,,,,,,,,,,,,
CRIMINAL DAMAGE,2025-03-18 16:05:00,41.953252298,-87.76145801,,,,,,,,,,,,,,,,,,,,,,,,,,,,,,,,
BATTERY,2025-03-18 16:05:00,41.691818411,-87.678136584,,,,,,,,,,,,,,,,,,,,,,,,,,,,,,,,
BATTERY,2025-03-18 16:00:00,41.799149172,-87.624203617,,,,,,,,,,,,,,,,,,,,,,,,,,,,,,,,
BATTERY,2025-03-18 16:00:00,41.966409353,-87.648852157,,,,,,,,,,,,,,,,,,,,,,,,,,,,,,,,
BATTERY,2025-03-18 16:00:00,41.745760066,-87.735896814,,,,,,,,,,,,,,,,,,,,,,,,,,,,,,,,
THEFT,2025-03-18 16:00:00,41.977225127,-87.655010442,,,,,,,,,,,,,,,,,,,,,,,,,,,,,,,,
THEFT,2025-03-18 16:00:00,41.930535302,-87.718384312,,,,,,,,,,,,,,,,,,,,,,,,,,,,,,,,
ASSAULT,2025-03-18 16:00:00,41.754805333,-87.670833516,,,,,,,,,,,,,,,,,,,,,,,,,,,,,,,,
BATTERY,2025-03-18 15:58:00,41.899631776,-87.721329292,,,,,,,,,,,,,,,,,,,,,,,,,,,,,,,,
WEAPONS VIOLATION,2025-03-18 15:53:00,41.71891288,-87.53649208,,,,,,,,,,,,,,,,,,,,,,,,,,,,,,,,
THEFT,2025-03-18 15:52:00,41.812610526,-87.723765071,,,,,,,,,,,,,,,,,,,,,,,,,,,,,,,,
DECEPTIVE PRACTICE,2025-03-18 15:47:00,41.871809026,-87.711328922,,,,,,,,,,,,,,,,,,,,,,,,,,,,,,,,
ROBBERY,2025-03-18 15:45:00,41.837568823,-87.647221386,,,,,,,,,,,,,,,,,,,,,,,,,,,,,,,,
THEFT,2025-03-18 15:45:00,41.910830841,-87.687235499,,,,,,,,,,,,,,,,,,,,,,,,,,,,,,,,
THEFT,2025-03-18 15:40:00,41.856294972,-87.62229526,,,,,,,,,,,,,,,,,,,,,,,,,,,,,,,,
BATTERY,2025-03-18 15:40:00,41.658290413,-87.615145931,,,,,,,,,,,,,,,,,,,,,,,,,,,,,,,,
OTHER OFFENSE,2025-03-18 15:33:00,41.763436305,-87.574992808,,,,,,,,,,,,,,,,,,,,,,,,,,,,,,,,
BATTERY,2025-03-18 15:30:00,41.877494027,-87.674712257,,,,,,,,,,,,,,,,,,,,,,,,,,,,,,,,
OTHER OFFENSE,2025-03-18 15:30:00,41.882114362,-87.632361012,,,,,,,,,,,,,,,,,,,,,,,,,,,,,,,,
THEFT,2025-03-18 15:30:00,41.736272399,-87.64413477,,,,,,,,,,,,,,,,,,,,,,,,,,,,,,,,
ASSAULT,2025-03-18 15:30:00,41.881441785,-87.667837814,,,,,,,,,,,,,,,,,,,,,,,,,,,,,,,,
DECEPTIVE PRACTICE,2025-03-18 15:30:00,41.80515017,-87.723502022,,,,,,,,,,,,,,,,,,,,,,,,,,,,,,,,
ASSAULT,2025-03-18 15:30:00,41.750880891,-87.600324481,,,,,,,,,,,,,,,,,,,,,,,,,,,,,,,,
THEFT,2025-03-18 15:20:00,41.98720266,-87.712663951,,,,,,,,,,,,,,,,,,,,,,,,,,,,,,,,
CRIMINAL DAMAGE,2025-03-18 15:19:00,41.981051896,-87.668375719,,,,,,,,,,,,,,,,,,,,,,,,,,,,,,,,
THEFT,2025-03-18 15:15:00,41.741970128,-87.615537011,,,,,,,,,,,,,,,,,,,,,,,,,,,,,,,,
OFFENSE INVOLVING CHILDREN,2025-03-18 15:15:00,41.652910551,-87.539882132,,,,,,,,,,,,,,,,,,,,,,,,,,,,,,,,
CRIMINAL TRESPASS,2025-03-18 15:12:00,41.799490663,-87.593499384,,,,,,,,,,,,,,,,,,,,,,,,,,,,,,,,
DECEPTIVE PRACTICE,2025-03-18 15:10:00,41.788987036,-87.74147999,,,,,,,,,,,,,,,,,,,,,,,,,,,,,,,,
CRIMINAL TRESPASS,2025-03-18 15:06:00,41.722474162,-87.574892216,,,,,,,,,,,,,,,,,,,,,,,,,,,,,,,,
BATTERY,2025-03-18 15:00:00,,,,,,,,,,,,,,,,,,,,,,,,,,,,,,,,,,
OTHER OFFENSE,2025-03-18 15:00:00,41.940418319,-87.765476141,,,,,,,,,,,,,,,,,,,,,,,,,,,,,,,,
CRIMINAL TRESPASS,2025-03-18 15:00:00,42.01556919,-87.680480001,,,,,,,,,,,,,,,,,,,,,,,,,,,,,,,,
THEFT,2025-03-18 15:00:00,41.885617236,-87.650324848,,,,,,,,,,,,,,,,,,,,,,,,,,,,,,,,
CRIMINAL DAMAGE,2025-03-18 15:00:00,41.73585412,-87.658739723,,,,,,,,,,,,,,,,,,,,,,,,,,,,,,,,
OTHER OFFENSE,2025-03-18 15:00:00,41.758668202,-87.65512157,,,,,,,,,,,,,,,,,,,,,,,,,,,,,,,,
THEFT,2025-03-18 15:00:00,41.858307458,-87.720034875,,,,,,,,,,,,,,,,,,,,,,,,,,,,,,,,
MOTOR VEHICLE THEFT,2025-03-18 15:00:00,41.772917294,-87.571592772,,,,,,,,,,,,,,,,,,,,,,,,,,,,,,,,
DECEPTIVE PRACTICE,2025-03-18 15:00:00,42.012915394,-87.674685821,,,,,,,,,,,,,,,,,,,,,,,,,,,,,,,,
THEFT,2025-03-18 15:00:00,41.937085796,-87.660173514,,,,,,,,,,,,,,,,,,,,,,,,,,,,,,,,
BATTERY,2025-03-18 15:00:00,41.765971524,-87.652925956,,,,,,,,,,,,,,,,,,,,,,,,,,,,,,,,
THEFT,2025-03-18 15:00:00,41.790894592,-87.604940233,,,,,,,,,,,,,,,,,,,,,,,,,,,,,,,,
WEAPONS VIOLATION,2025-03-18 14:53:00,41.77251495,-87.642064263,,,,,,,,,,,,,,,,,,,,,,,,,,,,,,,,
CRIMINAL DAMAGE,2025-03-18 14:51:00,41.938568312,-87.767061971,,,,,,,,,,,,,,,,,,,,,,,,,,,,,,,,
BATTERY,2025-03-18 14:50:00,41.69522655,-87.642467755,,,,,,,,,,,,,,,,,,,,,,,,,,,,,,,,
BATTERY,2025-03-18 14:45:00,41.74621174,-87.635406033,,,,,,,,,,,,,,,,,,,,,,,,,,,,,,,,
CRIMINAL DAMAGE,2025-03-18 14:42:00,41.917165184,-87.680076699,,,,,,,,,,,,,,,,,,,,,,,,,,,,,,,,
NARCOTICS,2025-03-18 14:40:00,41.868180939,-87.709271389,,,,,,,,,,,,,,,,,,,,,,,,,,,,,,,,
CRIMINAL TRESPASS,2025-03-18 14:35:00,41.737727691,-87.702064868,,,,,,,,,,,,,,,,,,,,,,,,,,,,,,,,
BATTERY,2025-03-18 14:30:00,42.01556919,-87.680480001,,,,,,,,,,,,,,,,,,,,,,,,,,,,,,,,
ASSAULT,2025-03-18 14:30:00,41.956828595,-87.645973056,,,,,,,,,,,,,,,,,,,,,,,,,,,,,,,,
SEX OFFENSE,2025-03-18 14:30:00,41.83453378,-87.7267312,,,,,,,,,,,,,,,,,,,,,,,,,,,,,,,,
ROBBERY,2025-03-18 14:30:00,41.834619714,-87.724301183,,,,,,,,,,,,,,,,,,,,,,,,,,,,,,,,
DECEPTIVE PRACTICE,2025-03-18 14:30:00,41.919169004,-87.781644267,,,,,,,,,,,,,,,,,,,,,,,,,,,,,,,,
BURGLARY,2025-03-18 14:30:00,41.756426979,-87.719198947,,,,,,,,,,,,,,,,,,,,,,,,,,,,,,,,
CRIMINAL DAMAGE,2025-03-18 14:29:00,41.693172272,-87.662594686,,,,,,,,,,,,,,,,,,,,,,,,,,,,,,,,
ASSAULT,2025-03-18 14:29:00,41.962577692,-87.880926883,,,,,,,,,,,,,,,,,,,,,,,,,,,,,,,,
DECEPTIVE PRACTICE,2025-03-18 14:22:00,41.925645343,-87.736635768,,,,,,,,,,,,,,,,,,,,,,,,,,,,,,,,
CRIMINAL DAMAGE,2025-03-18 14:15:00,41.933799675,-87.653897806,,,,,,,,,,,,,,,,,,,,,,,,,,,,,,,,
DECEPTIVE PRACTICE,2025-03-18 14:15:00,41.869285324,-87.62525371,,,,,,,,,,,,,,,,,,,,,,,,,,,,,,,,
THEFT,2025-03-18 14:12:00,41.865397377,-87.640660777,,,,,,,,,,,,,,,,,,,,,,,,,,,,,,,,
CRIMINAL DAMAGE,2025-03-18 14:10:00,41.797868316,-87.617682453,,,,,,,,,,,,,,,,,,,,,,,,,,,,,,,,
ASSAULT,2025-03-18 14:05:00,41.873733995,-87.702002425,,,,,,,,,,,,,,,,,,,,,,,,,,,,,,,,
WEAPONS VIOLATION,2025-03-18 14:03:00,41.707961287,-87.651373585,,,,,,,,,,,,,,,,,,,,,,,,,,,,,,,,
THEFT,2025-03-18 14:00:00,41.931582874,-87.742816988,,,,,,,,,,,,,,,,,,,,,,,,,,,,,,,,
CRIMINAL DAMAGE,2025-03-18 14:00:00,41.655003663,-87.613985864,,,,,,,,,,,,,,,,,,,,,,,,,,,,,,,,
THEFT,2025-03-18 14:00:00,42.001064985,-87.661254473,,,,,,,,,,,,,,,,,,,,,,,,,,,,,,,,
THEFT,2025-03-18 14:00:00,41.680481664,-87.540099953,,,,,,,,,,,,,,,,,,,,,,,,,,,,,,,,
CRIMINAL DAMAGE,2025-03-18 14:00:00,41.778737977,-87.638708765,,,,,,,,,,,,,,,,,,,,,,,,,,,,,,,,
THEFT,2025-03-18 14:00:00,41.75375771,-87.552135344,,,,,,,,,,,,,,,,,,,,,,,,,,,,,,,,
THEFT,2025-03-18 14:00:00,41.917627083,-87.727796747,,,,,,,,,,,,,,,,,,,,,,,,,,,,,,,,
THEFT,2025-03-18 13:55:00,41.736684443,-87.552800274,,,,,,,,,,,,,,,,,,,,,,,,,,,,,,,,
NARCOTICS,2025-03-18 13:48:00,41.862419531,-87.713607897,,,,,,,,,,,,,,,,,,,,,,,,,,,,,,,,
BATTERY,2025-03-18 13:40:00,41.707519433,-87.601839023,,,,,,,,,,,,,,,,,,,,,,,,,,,,,,,,
MOTOR VEHICLE THEFT,2025-03-18 13:40:00,41.869310829,-87.663352283,,,,,,,,,,,,,,,,,,,,,,,,,,,,,,,,
ASSAULT,2025-03-18 13:37:00,41.831085608,-87.619103181,,,,,,,,,,,,,,,,,,,,,,,,,,,,,,,,
DECEPTIVE PRACTICE,2025-03-18 13:35:00,41.745010993,-87.724419569,,,,,,,,,,,,,,,,,,,,,,,,,,,,,,,,
CRIMINAL TRESPASS,2025-03-18 13:35:00,41.765301424,-87.673544345,,,,,,,,,,,,,,,,,,,,,,,,,,,,,,,,
NARCOTICS,2025-03-18 13:33:00,41.888659061,-87.749015157,,,,,,,,,,,,,,,,,,,,,,,,,,,,,,,,
CRIMINAL DAMAGE,2025-03-18 13:30:00,41.769417774,-87.569856281,,,,,,,,,,,,,,,,,,,,,,,,,,,,,,,,
MOTOR VEHICLE THEFT,2025-03-18 13:30:00,41.821136151,-87.615343264,,,,,,,,,,,,,,,,,,,,,,,,,,,,,,,,
DECEPTIVE PRACTICE,2025-03-18 13:28:00,41.721527531,-87.575331924,,,,,,,,,,,,,,,,,,,,,,,,,,,,,,,,
BATTERY,2025-03-18 13:25:00,41.833229518,-87.617002463,,,,,,,,,,,,,,,,,,,,,,,,,,,,,,,,
CRIMINAL DAMAGE,2025-03-18 13:25:00,41.862143168,-87.663878655,,,,,,,,,,,,,,,,,,,,,,,,,,,,,,,,
DECEPTIVE PRACTICE,2025-03-18 13:23:00,41.881183818,-87.76157228,,,,,,,,,,,,,,,,,,,,,,,,,,,,,,,,
CRIMINAL DAMAGE,2025-03-18 13:22:00,41.903460159,-87.755800976,,,,,,,,,,,,,,,,,,,,,,,,,,,,,,,,
CRIMINAL DAMAGE,2025-03-18 13:22:00,41.904044541,-87.757412036,,,,,,,,,,,,,,,,,,,,,,,,,,,,,,,,
CRIMINAL DAMAGE,2025-03-18 13:22:00,41.904055787,-87.756372343,,,,,,,,,,,,,,,,,,,,,,,,,,,,,,,,
CRIMINAL DAMAGE,2025-03-18 13:22:00,41.903144063,-87.756791974,,,,,,,,,,,,,,,,,,,,,,,,,,,,,,,,
CRIMINAL DAMAGE,2025-03-18 13:22:00,41.903148537,-87.756589896,,,,,,,,,,,,,,,,,,,,,,,,,,,,,,,,
CRIMINAL DAMAGE,2025-03-18 13:22:00,41.90314618,-87.756667059,,,,,,,,,,,,,,,,,,,,,,,,,,,,,,,,
CRIMINAL DAMAGE,2025-03-18 13:22:00,41.903432718,-87.755801223,,,,,,,,,,,,,,,,,,,,,,,,,,,,,,,,
CRIMINAL DAMAGE,2025-03-18 13:22:00,41.903512316,-87.755804179,,,,,,,,,,,,,,,,,,,,,,,,,,,,,,,,
CRIMINAL DAMAGE,2025-03-18 13:22:00,41.903148537,-87.756589896,,,,,,,,,,,,,,,,,,,,,,,,,,,,,,,,
CRIMINAL DAMAGE,2025-03-18 13:22:00,41.903484856,-87.755800753,,,,,,,,,,,,,,,,,,,,,,,,,,,,,,,,
CRIMINAL DAMAGE,2025-03-18 13:22:00,41.903146309,-87.756692771,,,,,,,,,,,,,,,,,,,,,,,,,,,,,,,,
CRIMINAL DAMAGE,2025-03-18 13:22:00,41.903142204,-87.756968315,,,,,,,,,,,,,,,,,,,,,,,,,,,,,,,,
CRIMINAL DAMAGE,2025-03-18 13:22:00,41.90314445,-87.756869112,,,,,,,,,,,,,,,,,,,,,,,,,,,,,,,,
CRIMINAL DAMAGE,2025-03-18 13:22:00,41.90314618,-87.756667059,,,,,,,,,,,,,,,,,,,,,,,,,,,,,,,,
CRIMINAL DAMAGE,2025-03-18 13:22:00,41.904057885,-87.756243753,,,,,,,,,,,,,,,,,,,,,,,,,,,,,,,,
ROBBERY,2025-03-18 13:21:00,41.7741362,-87.703027762,,,,,,,,,,,,,,,,,,,,,,,,,,,,,,,,
THEFT,2025-03-18 13:20:00,,,,,,,,,,,,,,,,,,,,,,,,,,,,,,,,,,
STALKING,2025-03-18 13:05:00,41.90703235,-87.696979547,,,,,,,,,,,,,,,,,,,,,,,,,,,,,,,,
BATTERY,2025-03-18 13:00:00,41.691359415,-87.658571406,,,,,,,,,,,,,,,,,,,,,,,,,,,,,,,,
MOTOR VEHICLE THEFT,2025-03-18 13:00:00,42.013116209,-87.672383916,,,,,,,,,,,,,,,,,,,,,,,,,,,,,,,,
BATTERY,2025-03-18 13:00:00,41.892904362,-87.614547398,,,,,,,,,,,,,,,,,,,,,,,,,,,,,,,,
THEFT,2025-03-18 13:00:00,41.860589284,-87.62399874,,,,,,,,,,,,,,,,,,,,,,,,,,,,,,,,
THEFT,2025-03-18 12:59:00,41.910533752,-87.653832316,,,,,,,,,,,,,,,,,,,,,,,,,,,,,,,,
THEFT,2025-03-18 12:56:00,41.889906681,-87.624100509,,,,,,,,,,,,,,,,,,,,,,,,,,,,,,,,
THEFT,2025-03-18 12:55:00,,,,,,,,,,,,,,,,,,,,,,,,,,,,,,,,,,
THEFT,2025-03-18 12:47:00,41.910533752,-87.653832316,,,,,,,,,,,,,,,,,,,,,,,,,,,,,,,,
THEFT,2025-03-18 12:39:00,41.998434142,-87.677049865,,,,,,,,,,,,,,,,,,,,,,,,,,,,,,,,
CRIMINAL TRESPASS,2025-03-18 12:38:00,41.739180911,-87.624215222,,,,,,,,,,,,,,,,,,,,,,,,,,,,,,,,
NARCOTICS,2025-03-18 12:38:00,41.861556442,-87.712841643,,,,,,,,,,,,,,,,,,,,,,,,,,,,,,,,
BATTERY,2025-03-18 12:35:00,41.955120653,-87.654561081,,,,,,,,,,,,,,,,,,,,,,,,,,,,,,,,
OTHER OFFENSE,2025-03-18 12:35:00,41.797835035,-87.733095603,,,,,,,,,,,,,,,,,,,,,,,,,,,,,,,,
THEFT,2025-03-18 12:35:00,41.883872934,-87.655594823,,,,,,,,,,,,,,,,,,,,,,,,,,,,,,,,
CRIMINAL DAMAGE,2025-03-18 12:31:00,41.910457448,-87.678965797,,,,,,,,,,,,,,,,,,,,,,,,,,,,,,,,
THEFT,2025-03-18 12:30:00,41.893240902,-87.630344179,,,,,,,,,,,,,,,,,,,,,,,,,,,,,,,,
THEFT,2025-03-18 12:30:00,41.782602933,-87.703634155,,,,,,,,,,,,,,,,,,,,,,,,,,,,,,,,
THEFT,2025-03-18 12:30:00,41.686282264,-87.654355679,,,,,,,,,,,,,,,,,,,,,,,,,,,,,,,,
BATTERY,2025-03-18 12:30:00,41.689402074,-87.668824981,,,,,,,,,,,,,,,,,,,,,,,,,,,,,,,,
CRIMINAL DAMAGE,2025-03-18 12:25:00,41.736148121,-87.629070243,,,,,,,,,,,,,,,,,,,,,,,,,,,,,,,,
THEFT,2025-03-18 12:15:00,41.893429499,-87.635619998,,,,,,,,,,,,,,,,,,,,,,,,,,,,,,,,
THEFT,2025-03-18 12:15:00,41.883640164,-87.736802754,,,,,,,,,,,,,,,,,,,,,,,,,,,,,,,,
OTHER OFFENSE,2025-03-18 12:13:00,41.906438061,-87.710210418,,,,,,,,,,,,,,,,,,,,,,,,,,,,,,,,
OTHER OFFENSE,2025-03-18 12:07:00,41.922712732,-87.782980671,,,,,,,,,,,,,,,,,,,,,,,,,,,,,,,,
BATTERY,2025-03-18 12:05:00,41.984273783,-87.671258905,,,,,,,,,,,,,,,,,,,,,,,,,,,,,,,,
DECEPTIVE PRACTICE,2025-03-18 12:03:00,41.891404732,-87.628061509,,,,,,,,,,,,,,,,,,,,,,,,,,,,,,,,
BATTERY,2025-03-18 12:00:00,41.984273783,-87.671258905,,,,,,,,,,,,,,,,,,,,,,,,,,,,,,,,
DECEPTIVE PRACTICE,2025-03-18 12:00:00,41.749819881,-87.694257959,,,,,,,,,,,,,,,,,,,,,,,,,,,,,,,,
OTHER OFFENSE,2025-03-18 12:00:00,41.877726094,-87.628737019,,,,,,,,,,,,,,,,,,,,,,,,,,,,,,,,
DECEPTIVE PRACTICE,2025-03-18 12:00:00,41.750650804,-87.59910309,,,,,,,,,,,,,,,,,,,,,,,,,,,,,,,,
MOTOR VEHICLE THEFT,2025-03-18 12:00:00,41.877500741,-87.649566735,,,,,,,,,,,,,,,,,,,,,,,,,,,,,,,,
OTHER OFFENSE,2025-03-18 12:00:00,41.967339875,-87.687738528,,,,,,,,,,,,,,,,,,,,,,,,,,,,,,,,
DECEPTIVE PRACTICE,2025-03-18 12:00:00,41.749918509,-87.624518496,,,,,,,,,,,,,,,,,,,,,,,,,,,,,,,,
BATTERY,2025-03-18 12:00:00,41.885909241,-87.658871137,,,,,,,,,,,,,,,,,,,,,,,,,,,,,,,,
THEFT,2025-03-18 12:00:00,41.78321908,-87.656586189,,,,,,,,,,,,,,,,,,,,,,,,,,,,,,,,
ASSAULT,2025-03-18 12:00:00,41.844578604,-87.701929468,,,,,,,,,,,,,,,,,,,,,,,,,,,,,,,,
DECEPTIVE PRACTICE,2025-03-18 12:00:00,41.695843322,-87.65525108,,,,,,,,,,,,,,,,,,,,,,,,,,,,,,,,
OTHER OFFENSE,2025-03-18 12:00:00,41.939319628,-87.7798828,,,,,,,,,,,,,,,,,,,,,,,,,,,,,,,,
ASSAULT,2025-03-18 12:00:00,41.831793552,-87.667985409,,,,,,,,,,,,,,,,,,,,,,,,,,,,,,,,
CONCEALED CARRY LICENSE VIOLATION,2025-03-18 11:59:00,41.976762981,-87.900983721,,,,,,,,,,,,,,,,,,,,,,,,,,,,,,,,
OTHER OFFENSE,2025-03-18 11:56:00,41.874916484,-87.735275635,,,,,,,,,,,,,,,,,,,,,,,,,,,,,,,,
THEFT,2025-03-18 11:55:00,41.925579499,-87.64082962,,,,,,,,,,,,,,,,,,,,,,,,,,,,,,,,
THEFT,2025-03-18 11:40:00,41.769310511,-87.572716842,,,,,,,,,,,,,,,,,,,,,,,,,,,,,,,,
CRIMINAL DAMAGE,2025-03-18 11:30:00,41.899344853,-87.69041474,,,,,,,,,,,,,,,,,,,,,,,,,,,,,,,,
BATTERY,2025-03-18 11:29:00,41.855190551,-87.623871195,,,,,,,,,,,,,,,,,,,,,,,,,,,,,,,,
THEFT,2025-03-18 11:29:00,41.851447572,-87.672670809,,,,,,,,,,,,,,,,,,,,,,,,,,,,,,,,
BATTERY,2025-03-18 11:27:00,41.866886134,-87.719545371,,,,,,,,,,,,,,,,,,,,,,,,,,,,,,,,
WEAPONS VIOLATION,2025-03-18 11:21:00,42.002595207,-87.657805745,,,,,,,,,,,,,,,,,,,,,,,,,,,,,,,,
MOTOR VEHICLE THEFT,2025-03-18 11:18:00,41.800100705,-87.620980383,,,,,,,,,,,,,,,,,,,,,,,,,,,,,,,,
WEAPONS VIOLATION,2025-03-18 11:15:00,41.72946687,-87.563368892,,,,,,,,,,,,,,,,,,,,,,,,,,,,,,,,
OTHER OFFENSE,2025-03-18 11:15:00,41.898643242,-87.749677146,,,,,,,,,,,,,,,,,,,,,,,,,,,,,,,,
BATTERY,2025-03-18 11:09:00,41.94671419,-87.693585521,,,,,,,,,,,,,,,,,,,,,,,,,,,,,,,,
THEFT,2025-03-18 11:08:00,41.882394062,-87.627844798,,,,,,,,,,,,,,,,,,,,,,,,,,,,,,,,
THEFT,2025-03-18 11:06:00,41.904624897,-87.628702157,,,,,,,,,,,,,,,,,,,,,,,,,,,,,,,,
CRIMINAL DAMAGE,2025-03-18 11:01:00,41.94541007,-87.835236161,,,,,,,,,,,,,,,,,,,,,,,,,,,,,,,,
OTHER OFFENSE,2025-03-18 11:00:00,,,,,,,,,,,,,,,,,,,,,,,,,,,,,,,,,,
DECEPTIVE PRACTICE,2025-03-18 11:00:00,41.706987456,-87.620244029,,,,,,,,,,,,,,,,,,,,,,,,,,,,,,,,
ASSAULT,2025-03-18 11:00:00,41.787707449,-87.646198578,,,,,,,,,,,,,,,,,,,,,,,,,,,,,,,,
BATTERY,2025-03-18 11:00:00,41.986425291,-87.655284282,,,,,,,,,,,,,,,,,,,,,,,,,,,,,,,,
BATTERY,2025-03-18 11:00:00,41.703354066,-87.59419968,,,,,,,,,,,,,,,,,,,,,,,,,,,,,,,,
OTHER OFFENSE,2025-03-18 11:00:00,42.013204506,-87.684978747,,,,,,,,,,,,,,,,,,,,,,,,,,,,,,,,
THEFT,2025-03-18 10:56:00,41.746087202,-87.657262109,,,,,,,,,,,,,,,,,,,,,,,,,,,,,,,,
THEFT,2025-03-18 10:52:00,41.880362084,-87.755847438,,,,,,,,,,,,,,,,,,,,,,,,,,,,,,,,
ASSAULT,2025-03-18 10:50:00,41.770014058,-87.6469593,,,,,,,,,,,,,,,,,,,,,,,,,,,,,,,,
ASSAULT,2025-03-18 10:48:00,41.95386239,-87.64510423,,,,,,,,,,,,,,,,,,,,,,,,,,,,,,,,
OTHER OFFENSE,2025-03-18 10:45:00,41.800527666,-87.686665004,,,,,,,,,,,,,,,,,,,,,,,,,,,,,,,,
THEFT,2025-03-18 10:45:00,41.998734156,-87.660613118,,,,,,,,,,,,,,,,,,,,,,,,,,,,,,,,
NARCOTICS,2025-03-18 10:43:00,41.88096768,-87.737940272,,,,,,,,,,,,,,,,,,,,,,,,,,,,,,,,
BATTERY,2025-03-18 10:37:00,41.844713229,-87.693527357,,,,,,,,,,,,,,,,,,,,,,,,,,,,,,,,
THEFT,2025-03-18 10:37:00,41.872946234,-87.63062903,,,,,,,,,,,,,,,,,,,,,,,,,,,,,,,,
WEAPONS VIOLATION,2025-03-18 10:35:00,41.880417645,-87.751631349,,,,,,,,,,,,,,,,,,,,,,,,,,,,,,,,
BATTERY,2025-03-18 10:34:00,42.006217254,-87.675715223,,,,,,,,,,,,,,,,,,,,,,,,,,,,,,,,
DECEPTIVE PRACTICE,2025-03-18 10:30:00,41.883210775,-87.629906972,,,,,,,,,,,,,,,,,,,,,,,,,,,,,,,,
BATTERY,2025-03-18 10:30:00,41.818585099,-87.694524884,,,,,,,,,,,,,,,,,,,,,,,,,,,,,,,,
THEFT,2025-03-18 10:28:00,41.868256175,-87.632402287,,,,,,,,,,,,,,,,,,,,,,,,,,,,,,,,
OTHER OFFENSE,2025-03-18 10:28:00,41.777810401,-87.593008043,,,,,,,,,,,,,,,,,,,,,,,,,,,,,,,,
BATTERY,2025-03-18 10:21:00,41.791538717,-87.686414326,,,,,,,,,,,,,,,,,,,,,,,,,,,,,,,,
MOTOR VEHICLE THEFT,2025-03-18 10:21:00,41.795533511,-87.620865934,,,,,,,,,,,,,,,,,,,,,,,,,,,,,,,,
THEFT,2025-03-18 10:21:00,41.824675709,-87.617013434,,,,,,,,,,,,,,,,,,,,,,,,,,,,,,,,
CRIMINAL DAMAGE,2025-03-18 10:15:00,41.845172736,-87.695225703,,,,,,,,,,,,,,,,,,,,,,,,,,,,,,,,
ASSAULT,2025-03-18 10:15:00,41.853676611,-87.622239838,,,,,,,,,,,,,,,,,,,,,,,,,,,,,,,,
BATTERY,2025-03-18 10:15:00,41.740836656,-87.638743647,,,,,,,,,,,,,,,,,,,,,,,,,,,,,,,,
ASSAULT,2025-03-18 10:00:00,41.780454612,-87.602235272,,,,,,,,,,,,,,,,,,,,,,,,,,,,,,,,
NARCOTICS,2025-03-18 10:00:00,41.868180939,-87.709271389,,,,,,,,,,,,,,,,,,,,,,,,,,,,,,,,
BATTERY,2025-03-18 10:00:00,41.783452296,-87.640920156,,,,,,,,,,,,,,,,,,,,,,,,,,,,,,,,
BURGLARY,2025-03-18 10:00:00,41.742549591,-87.647504705,,,,,,,,,,,,,,,,,,,,,,,,,,,,,,,,
BATTERY,2025-03-18 10:00:00,41.849064835,-87.685552443,,,,,,,,,,,,,,,,,,,,,,,,,,,,,,,,
THEFT,2025-03-18 09:57:00,41.909664252,-87.742728815,,,,,,,,,,,,,,,,,,,,,,,,,,,,,,,,
CRIMINAL DAMAGE,2025-03-18 09:56:00,41.903140216,-87.757118943,,,,,,,,,,,,,,,,,,,,,,,,,,,,,,,,
THEFT,2025-03-18 09:49:00,41.882394062,-87.627844798,,,,,,,,,,,,,,,,,,,,,,,,,,,,,,,,
BATTERY,2025-03-18 09:42:00,41.742624961,-87.694376944,,,,,,,,,,,,,,,,,,,,,,,,,,,,,,,,
BATTERY,2025-03-18 09:36:00,41.882529537,-87.626223856,,,,,,,,,,,,,,,,,,,,,,,,,,,,,,,,
ASSAULT,2025-03-18 09:30:00,41.915753491,-87.688122755,,,,,,,,,,,,,,,,,,,,,,,,,,,,,,,,
CRIMINAL TRESPASS,2025-03-18 09:30:00,41.847178209,-87.723404001,,,,,,,,,,,,,,,,,,,,,,,,,,,,,,,,
ASSAULT,2025-03-18 09:26:00,41.884474755,-87.631967978,,,,,,,,,,,,,,,,,,,,,,,,,,,,,,,,
BATTERY,2025-03-18 09:25:00,41.809565515,-87.699137223,,,,,,,,,,,,,,,,,,,,,,,,,,,,,,,,
OTHER OFFENSE,2025-03-18 09:22:00,41.883659738,-87.632421239,,,,,,,,,,,,,,,,,,,,,,,,,,,,,,,,
NARCOTICS,2025-03-18 09:19:00,41.772998982,-87.576478539,,,,,,,,,,,,,,,,,,,,,,,,,,,,,,,,
BATTERY,2025-03-18 09:17:00,41.768039718,-87.620180492,,,,,,,,,,,,,,,,,,,,,,,,,,,,,,,,
THEFT,2025-03-18 09:15:00,41.939566852,-87.724623088,,,,,,,,,,,,,,,,,,,,,,,,,,,,,,,,
CRIMINAL DAMAGE,2025-03-18 09:15:00,41.692843844,-87.603733511,,,,,,,,,,,,,,,,,,,,,,,,,,,,,,,,
ROBBERY,2025-03-18 09:15:00,41.882389568,-87.626221727,,,,,,,,,,,,,,,,,,,,,,,,,,,,,,,,
BATTERY,2025-03-18 09:12:00,41.864033702,-87.717792133,,,,,,,,,,,,,,,,,,,,,,,,,,,,,,,,
ASSAULT,2025-03-18 09:10:00,41.939040323,-87.675913376,,,,,,,,,,,,,,,,,,,,,,,,,,,,,,,,
ASSAULT,2025-03-18 09:10:00,41.779793875,-87.631826613,,,,,,,,,,,,,,,,,,,,,,,,,,,,,,,,
BATTERY,2025-03-18 09:00:00,41.870028132,-87.708823855,,,,,,,,,,,,,,,,,,,,,,,,,,,,,,,,
THEFT,2025-03-18 09:00:00,41.896472326,-87.643252484,,,,,,,,,,,,,,,,,,,,,,,,,,,,,,,,
THEFT,2025-03-18 09:00:00,41.784254117,-87.65340735,,,,,,,,,,,,,,,,,,,,,,,,,,,,,,,,
CRIMINAL TRESPASS,2025-03-18 09:00:00,41.768924366,-87.582853494,,,,,,,,,,,,,,,,,,,,,,,,,,,,,,,,
THEFT,2025-03-18 09:00:00,41.897327516,-87.667720659,,,,,,,,,,,,,,,,,,,,,,,,,,,,,,,,
ASSAULT,2025-03-18 09:00:00,41.810748974,-87.593699979,,,,,,,,,,,,,,,,,,,,,,,,,,,,,,,,
THEFT,2025-03-18 09:00:00,41.890389293,-87.619610833,,,,,,,,,,,,,,,,,,,,,,,,,,,,,,,,
MOTOR VEHICLE THEFT,2025-03-18 08:57:00,41.90351448,-87.667498444,,,,,,,,,,,,,,,,,,,,,,,,,,,,,,,,
NARCOTICS,2025-03-18 08:50:00,41.891682053,-87.627639764,,,,,,,,,,,,,,,,,,,,,,,,,,,,,,,,
MOTOR VEHICLE THEFT,2025-03-18 08:45:00,41.863341425,-87.640576506,,,,,,,,,,,,,,,,,,,,,,,,,,,,,,,,
CRIMINAL DAMAGE,2025-03-18 08:43:00,41.903140216,-87.757118943,,,,,,,,,,,,,,,,,,,,,,,,,,,,,,,,
THEFT,2025-03-18 08:34:00,41.925886611,-87.678679535,,,,,,,,,,,,,,,,,,,,,,,,,,,,,,,,
THEFT,2025-03-18 08:30:00,41.877726094,-87.628737019,,,,,,,,,,,,,,,,,,,,,,,,,,,,,,,,
CRIMINAL DAMAGE,2025-03-18 08:30:00,42.00792917,-87.664710802,,,,,,,,,,,,,,,,,,,,,,,,,,,,,,,,
BATTERY,2025-03-18 08:30:00,41.824773853,-87.618230423,,,,,,,,,,,,,,,,,,,,,,,,,,,,,,,,
THEFT,2025-03-18 08:30:00,41.871092285,-87.671473561,,,,,,,,,,,,,,,,,,,,,,,,,,,,,,,,
BATTERY,2025-03-18 08:01:00,41.806951386,-87.626021224,,,,,,,,,,,,,,,,,,,,,,,,,,,,,,,,
CRIMINAL DAMAGE,2025-03-18 08:00:00,41.723033453,-87.60622368,,,,,,,,,,,,,,,,,,,,,,,,,,,,,,,,
ASSAULT,2025-03-18 08:00:00,41.823320055,-87.623203203,,,,,,,,,,,,,,,,,,,,,,,,,,,,,,,,
DECEPTIVE PRACTICE,2025-03-18 08:00:00,41.857772856,-87.667404168,,,,,,,,,,,,,,,,,,,,,,,,,,,,,,,,
BURGLARY,2025-03-18 08:00:00,41.697220333,-87.617144318,,,,,,,,,,,,,,,,,,,,,,,,,,,,,,,,
BATTERY,2025-03-18 08:00:00,41.984622486,-87.836582104,,,,,,,,,,,,,,,,,,,,,,,,,,,,,,,,
DECEPTIVE PRACTICE,2025-03-18 08:00:00,41.712997401,-87.5510542,,,,,,,,,,,,,,,,,,,,,,,,,,,,,,,,
ASSAULT,2025-03-18 07:55:00,41.793845433,-87.651560421,,,,,,,,,,,,,,,,,,,,,,,,,,,,,,,,
ROBBERY,2025-03-18 07:50:00,41.844158294,-87.73149576,,,,,,,,,,,,,,,,,,,,,,,,,,,,,,,,
MOTOR VEHICLE THEFT,2025-03-18 07:45:00,41.870009847,-87.726399584,,,,,,,,,,,,,,,,,,,,,,,,,,,,,,,,
OTHER OFFENSE,2025-03-18 07:30:00,41.718505159,-87.643130543,,,,,,,,,,,,,,,,,,,,,,,,,,,,,,,,
THEFT,2025-03-18 07:30:00,42.002977745,-87.660796524,,,,,,,,,,,,,,,,,,,,,,,,,,,,,,,,
THEFT,2025-03-18 07:30:00,41.843016958,-87.61722727,,,,,,,,,,,,,,,,,,,,,,,,,,,,,,,,
ASSAULT,2025-03-18 07:30:00,41.793969887,-87.624070018,,,,,,,,,,,,,,,,,,,,,,,,,,,,,,,,
THEFT,2025-03-18 07:30:00,41.723025081,-87.606201795,,,,,,,,,,,,,,,,,,,,,,,,,,,,,,,,
ASSAULT,2025-03-18 07:21:00,41.899430629,-87.656627801,,,,,,,,,,,,,,,,,,,,,,,,,,,,,,,,
THEFT,2025-03-18 07:01:00,41.930906002,-87.644017035,,,,,,,,,,,,,,,,,,,,,,,,,,,,,,,,
BURGLARY,2025-03-18 07:00:00,,,,,,,,,,,,,,,,,,,,,,,,,,,,,,,,,,
BATTERY,2025-03-18 07:00:00,41.741949408,-87.617054222,,,,,,,,,,,,,,,,,,,,,,,,,,,,,,,,
THEFT,2025-03-18 07:00:00,41.787645257,-87.692412039,,,,,,,,,,,,,,,,,,,,,,,,,,,,,,,,
THEFT,2025-03-18 07:00:00,41.939528763,-87.745220973,,,,,,,,,,,,,,,,,,,,,,,,,,,,,,,,
THEFT,2025-03-18 07:00:00,41.785880478,-87.689921586,,,,,,,,,,,,,,,,,,,,,,,,,,,,,,,,
BATTERY,2025-03-18 06:57:00,41.89169288,-87.626277055,,,,,,,,,,,,,,,,,,,,,,,,,,,,,,,,
CRIMINAL TRESPASS,2025-03-18 06:55:00,41.896667744,-87.628885133,,,,,,,,,,,,,,,,,,,,,,,,,,,,,,,,
BURGLARY,2025-03-18 06:50:00,41.810216032,-87.644362459,,,,,,,,,,,,,,,,,,,,,,,,,,,,,,,,
CRIMINAL DAMAGE,2025-03-18 06:50:00,41.758560412,-87.562728003,,,,,,,,,,,,,,,,,,,,,,,,,,,,,,,,
CRIMINAL SEXUAL ASSAULT,2025-03-18 06:31:00,41.958250389,-87.664609033,,,,,,,,,,,,,,,,,,,,,,,,,,,,,,,,
THEFT,2025-03-18 06:30:00,41.989984657,-87.660907565,,,,,,,,,,,,,,,,,,,,,,,,,,,,,,,,
NARCOTICS,2025-03-18 06:29:00,41.876581037,-87.745137513,,,,,,,,,,,,,,,,,,,,,,,,,,,,,,,,
BURGLARY,2025-03-18 06:29:00,41.916859598,-87.751862683,,,,,,,,,,,,,,,,,,,,,,,,,,,,,,,,
THEFT,2025-03-18 06:01:00,41.946221444,-87.708253555,,,,,,,,,,,,,,,,,,,,,,,,,,,,,,,,
CRIMINAL DAMAGE,2025-03-18 06:00:00,41.725329824,-87.569330781,,,,,,,,,,,,,,,,,,,,,,,,,,,,,,,,
BATTERY,2025-03-18 06:00:00,41.805869465,-87.585195364,,,,,,,,,,,,,,,,,,,,,,,,,,,,,,,,
BURGLARY,2025-03-18 05:59:00,41.905147055,-87.726379155,,,,,,,,,,,,,,,,,,,,,,,,,,,,,,,,
CRIMINAL DAMAGE,2025-03-18 05:56:00,41.860004046,-87.71401667,,,,,,,,,,,,,,,,,,,,,,,,,,,,,,,,
DECEPTIVE PRACTICE,2025-03-18 05:53:00,41.938117825,-87.798446744,,,,,,,,,,,,,,,,,,,,,,,,,,,,,,,,
BATTERY,2025-03-18 05:50:00,41.963738697,-87.838406317,,,,,,,,,,,,,,,,,,,,,,,,,,,,,,,,
CRIMINAL DAMAGE,2025-03-18 05:49:00,41.689427297,-87.531668128,,,,,,,,,,,,,,,,,,,,,,,,,,,,,,,,
THEFT,2025-03-18 05:48:00,41.869301455,-87.689540998,,,,,,,,,,,,,,,,,,,,,,,,,,,,,,,,
CRIMINAL DAMAGE,2025-03-18 05:45:00,41.865816799,-87.65437212,,,,,,,,,,,,,,,,,,,,,,,,,,,,,,,,
OTHER OFFENSE,2025-03-18 05:34:00,41.877352918,-87.702866432,,,,,,,,,,,,,,,,,,,,,,,,,,,,,,,,
MOTOR VEHICLE THEFT,2025-03-18 05:30:00,41.690944905,-87.531667592,,,,,,,,,,,,,,,,,,,,,,,,,,,,,,,,
BATTERY,2025-03-18 05:30:00,41.769255529,-87.619752795,,,,,,,,,,,,,,,,,,,,,,,,,,,,,,,,
BURGLARY,2025-03-18 05:30:00,41.700152418,-87.681420881,,,,,,,,,,,,,,,,,,,,,,,,,,,,,,,,
THEFT,2025-03-18 05:00:00,41.904394115,-87.630001432,,,,,,,,,,,,,,,,,,,,,,,,,,,,,,,,
CRIMINAL DAMAGE,2025-03-18 05:00:00,41.903142591,-87.757045453,,,,,,,,,,,,,,,,,,,,,,,,,,,,,,,,
CRIMINAL DAMAGE,2025-03-18 05:00:00,41.671627918,-87.624872948,,,,,,,,,,,,,,,,,,,,,,,,,,,,,,,,
MOTOR VEHICLE THEFT,2025-03-18 04:53:00,41.949025931,-87.70421559,,,,,,,,,,,,,,,,,,,,,,,,,,,,,,,,
CRIMINAL TRESPASS,2025-03-18 04:49:00,41.804133951,-87.585442955,,,,,,,,,,,,,,,,,,,,,,,,,,,,,,,,
THEFT,2025-03-18 04:44:00,41.98651861,-87.65528697,,,,,,,,,,,,,,,,,,,,,,,,,,,,,,,,
OTHER OFFENSE,2025-03-18 04:36:00,41.776769851,-87.661706003,,,,,,,,,,,,,,,,,,,,,,,,,,,,,,,,
THEFT,2025-03-18 04:33:00,41.996509716,-87.670234472,,,,,,,,,,,,,,,,,,,,,,,,,,,,,,,,
ASSAULT,2025-03-18 04:15:00,41.746792451,-87.658189153,,,,,,,,,,,,,,,,,,,,,,,,,,,,,,,,
OTHER OFFENSE,2025-03-18 04:01:00,41.940610976,-87.750257582,,,,,,,,,,,,,,,,,,,,,,,,,,,,,,,,
MOTOR VEHICLE THEFT,2025-03-18 04:00:00,41.773916563,-87.62839694,,,,,,,,,,,,,,,,,,,,,,,,,,,,,,,,
MOTOR VEHICLE THEFT,2025-03-18 04:00:00,41.773916563,-87.62839694,,,,,,,,,,,,,,,,,,,,,,,,,,,,,,,,
BURGLARY,2025-03-18 04:00:00,41.882858628,-87.700010381,,,,,,,,,,,,,,,,,,,,,,,,,,,,,,,,
MOTOR VEHICLE THEFT,2025-03-18 04:00:00,41.894009885,-87.754343505,,,,,,,,,,,,,,,,,,,,,,,,,,,,,,,,
CRIMINAL DAMAGE,2025-03-18 03:50:00,41.709943627,-87.657571369,,,,,,,,,,,,,,,,,,,,,,,,,,,,,,,,
CRIMINAL DAMAGE,2025-03-18 03:50:00,41.989313223,-87.661528918,,,,,,,,,,,,,,,,,,,,,,,,,,,,,,,,
DECEPTIVE PRACTICE,2025-03-18 03:42:00,41.874180626,-87.66785807,,,,,,,,,,,,,,,,,,,,,,,,,,,,,,,,
CRIMINAL DAMAGE,2025-03-18 03:42:00,41.71804815,-87.599492629,,,,,,,,,,,,,,,,,,,,,,,,,,,,,,,,
ROBBERY,2025-03-18 03:30:00,41.6926776,-87.616564951,,,,,,,,,,,,,,,,,,,,,,,,,,,,,,,,
THEFT,2025-03-18 03:23:00,41.98924461,-87.718834797,,,,,,,,,,,,,,,,,,,,,,,,,,,,,,,,
OTHER OFFENSE,2025-03-18 03:22:00,41.886987874,-87.751729667,,,,,,,,,,,,,,,,,,,,,,,,,,,,,,,,
OTHER OFFENSE,2025-03-18 03:10:00,41.776769851,-87.661706003,,,,,,,,,,,,,,,,,,,,,,,,,,,,,,,,
ASSAULT,2025-03-18 03:08:00,41.778883826,-87.664206366,,,,,,,,,,,,,,,,,,,,,,,,,,,,,,,,
CRIMINAL DAMAGE,2025-03-18 03:03:00,41.941647836,-87.766608352,,,,,,,,,,,,,,,,,,,,,,,,,,,,,,,,
CRIMINAL DAMAGE,2025-03-18 03:00:00,41.764207137,-87.589638265,,,,,,,,,,,,,,,,,,,,,,,,,,,,,,,,
OTHER OFFENSE,2025-03-18 03:00:00,41.924412074,-87.657216393,,,,,,,,,,,,,,,,,,,,,,,,,,,,,,,,
THEFT,2025-03-18 03:00:00,41.938818123,-87.692922007,,,,,,,,,,,,,,,,,,,,,,,,,,,,,,,,
BURGLARY,2025-03-18 02:55:00,41.737750767,-87.604855911,,,,,,,,,,,,,,,,,,,,,,,,,,,,,,,,
CRIMINAL DAMAGE,2025-03-18 02:50:00,41.793232671,-87.642699804,,,,,,,,,,,,,,,,,,,,,,,,,,,,,,,,
DECEPTIVE PRACTICE,2025-03-18 02:50:00,41.859767799,-87.720109024,,,,,,,,,,,,,,,,,,,,,,,,,,,,,,,,
THEFT,2025-03-18 02:45:00,41.880108035,-87.647309981,,,,,,,,,,,,,,,,,,,,,,,,,,,,,,,,
ROBBERY,2025-03-18 02:25:00,41.882364871,-87.626222,,,,,,,,,,,,,,,,,,,,,,,,,,,,,,,,
WEAPONS VIOLATION,2025-03-18 02:24:00,41.747351562,-87.549175139,,,,,,,,,,,,,,,,,,,,,,,,,,,,,,,,
OTHER OFFENSE,2025-03-18 02:20:00,41.916236352,-87.706933285,,,,,,,,,,,,,,,,,,,,,,,,,,,,,,,,
ASSAULT,2025-03-18 02:11:00,41.967579205,-87.747724558,,,,,,,,,,,,,,,,,,,,,,,,,,,,,,,,
BATTERY,2025-03-18 02:00:00,41.747324126,-87.690112493,,,,,,,,,,,,,,,,,,,,,,,,,,,,,,,,
BATTERY,2025-03-18 02:00:00,41.903140216,-87.757118943,,,,,,,,,,,,,,,,,,,,,,,,,,,,,,,,
CRIMINAL DAMAGE,2025-03-18 02:00:00,41.695823004,-87.612242314,,,,,,,,,,,,,,,,,,,,,,,,,,,,,,,,
CRIMINAL DAMAGE,2025-03-18 02:00:00,41.903140216,-87.757118943,,,,,,,,,,,,,,,,,,,,,,,,,,,,,,,,
CRIMINAL DAMAGE,2025-03-18 02:00:00,41.748694075,-87.590557588,,,,,,,,,,,,,,,,,,,,,,,,,,,,,,,,
BURGLARY,2025-03-18 01:56:00,41.890995045,-87.681812505,,,,,,,,,,,,,,,,,,,,,,,,,,,,,,,,
BATTERY,2025-03-18 01:50:00,41.771954053,-87.628341444,,,,,,,,,,,,,,,,,,,,,,,,,,,,,,,,
BATTERY,2025-03-18 01:35:00,41.869859103,-87.721264569,,,,,,,,,,,,,,,,,,,,,,,,,,,,,,,,
ROBBERY,2025-03-18 01:30:00,41.764632089,-87.628311641,,,,,,,,,,,,,,,,,,,,,,,,,,,,,,,,
ROBBERY,2025-03-18 01:30:00,41.953443907,-87.745067332,,,,,,,,,,,,,,,,,,,,,,,,,,,,,,,,
THEFT,2025-03-18 01:27:00,41.880003739,-87.647307424,,,,,,,,,,,,,,,,,,,,,,,,,,,,,,,,
ASSAULT,2025-03-18 01:20:00,41.795997549,-87.648431423,,,,,,,,,,,,,,,,,,,,,,,,,,,,,,,,
THEFT,2025-03-18 01:16:00,42.000584768,-87.671649052,,,,,,,,,,,,,,,,,,,,,,,,,,,,,,,,
ASSAULT,2025-03-18 01:06:00,41.771989936,-87.623472718,,,,,,,,,,,,,,,,,,,,,,,,,,,,,,,,
MOTOR VEHICLE THEFT,2025-03-18 01:00:00,41.964446856,-87.731571048,,,,,,,,,,,,,,,,,,,,,,,,,,,,,,,,
THEFT,2025-03-18 01:00:00,41.986441919,-87.658105281,,,,,,,,,,,,,,,,,,,,,,,,,,,,,,,,
WEAPONS VIOLATION,2025-03-18 01:00:00,41.777420064,-87.634979772,,,,,,,,,,,,,,,,,,,,,,,,,,,,,,,,
MOTOR VEHICLE THEFT,2025-03-18 01:00:00,41.853930752,-87.623841071,,,,,,,,,,,,,,,,,,,,,,,,,,,,,,,,
OTHER OFFENSE,2025-03-18 01:00:00,41.867307342,-87.671365749,,,,,,,,,,,,,,,,,,,,,,,,,,,,,,,,
ASSAULT,2025-03-18 00:55:00,41.982777739,-87.656591889,,,,,,,,,,,,,,,,,,,,,,,,,,,,,,,,
CRIMINAL TRESPASS,2025-03-18 00:51:00,41.938797346,-87.723377074,,,,,,,,,,,,,,,,,,,,,,,,,,,,,,,,
BATTERY,2025-03-18 00:41:00,41.784977934,-87.632741768,,,,,,,,,,,,,,,,,,,,,,,,,,,,,,,,
ASSAULT,2025-03-18 00:41:00,41.645378289,-87.540022119,,,,,,,,,,,,,,,,,,,,,,,,,,,,,,,,
OTHER OFFENSE,2025-03-18 00:33:00,41.698182914,-87.541343485,,,,,,,,,,,,,,,,,,,,,,,,,,,,,,,,
THEFT,2025-03-18 00:30:00,41.867756268,-87.698382514,,,,,,,,,,,,,,,,,,,,,,,,,,,,,,,,
OTHER OFFENSE,2025-03-18 00:28:00,41.764919232,-87.662987913,,,,,,,,,,,,,,,,,,,,,,,,,,,,,,,,
CRIMINAL DAMAGE,2025-03-18 00:20:00,41.777030311,-87.634969336,,,,,,,,,,,,,,,,,,,,,,,,,,,,,,,,
OTHER OFFENSE,2025-03-18 00:19:00,41.865550441,-87.730046943,,,,,,,,,,,,,,,,,,,,,,,,,,,,,,,,
BATTERY,2025-03-18 00:15:00,41.656497161,-87.602332499,,,,,,,,,,,,,,,,,,,,,,,,,,,,,,,,
MOTOR VEHICLE THEFT,2025-03-18 00:10:00,41.717709791,-87.567820387,,,,,,,,,,,,,,,,,,,,,,,,,,,,,,,,
BATTERY,2025-03-18 00:09:00,41.929723017,-87.651331865,,,,,,,,,,,,,,,,,,,,,,,,,,,,,,,,
CRIMINAL DAMAGE,2025-03-18 00:03:00,41.921059062,-87.787812081,,,,,,,,,,,,,,,,,,,,,,,,,,,,,,,,
MOTOR VEHICLE THEFT,2025-03-18 00:01:00,41.949360768,-87.704223326,,,,,,,,,,,,,,,,,,,,,,,,,,,,,,,,
DECEPTIVE PRACTICE,2025-03-18 00:01:00,41.725681064,-87.606120562,,,,,,,,,,,,,,,,,,,,,,,,,,,,,,,,
OTHER OFFENSE,2025-03-18 00:01:00,41.88210227,-87.684954457,,,,,,,,,,,,,,,,,,,,,,,,,,,,,,,,
ASSAULT,2025-03-18 00:01:00,41.705372733,-87.621400793,,,,,,,,,,,,,,,,,,,,,,,,,,,,,,,,
THEFT,2025-03-18 00:00:00,41.81691816,-87.633567673,,,,,,,,,,,,,,,,,,,,,,,,,,,,,,,,
OTHER OFFENSE,2025-03-18 00:00:00,41.735872091,-87.642823724,,,,,,,,,,,,,,,,,,,,,,,,,,,,,,,,
CRIMINAL DAMAGE,2025-03-18 00:00:00,41.90351102,-87.758280089,,,,,,,,,,,,,,,,,,,,,,,,,,,,,,,,
THEFT,2025-03-18 00:00:00,41.934477029,-87.709922862,,,,,,,,,,,,,,,,,,,,,,,,,,,,,,,,
MOTOR VEHICLE THEFT,2025-03-18 00:00:00,41.747355843,-87.711831775,,,,,,,,,,,,,,,,,,,,,,,,,,,,,,,,
BATTERY,2025-03-18 00:00:00,41.777438544,-87.647155106,,,,,,,,,,,,,,,,,,,,,,,,,,,,,,,,
BURGLARY,2025-03-18 00:00:00,41.95180066,-87.653254492,,,,,,,,,,,,,,,,,,,,,,,,,,,,,,,,
THEFT,2025-03-18 00:00:00,41.92510186,-87.671992307,,,,,,,,,,,,,,,,,,,,,,,,,,,,,,,,
THEFT,2025-03-18 00:00:00,41.691863584,-87.540670431,,,,,,,,,,,,,,,,,,,,,,,,,,,,,,,,
THEFT,2025-03-18 00:00:00,41.868125461,-87.65915723,,,,,,,,,,,,,,,,,,,,,,,,,,,,,,,,
CRIMINAL DAMAGE,2025-03-18 00:00:00,41.903521997,-87.75827999,,,,,,,,,,,,,,,,,,,,,,,,,,,,,,,,
THEFT,2025-03-18 00:00:00,41.797478252,-87.590390603,,,,,,,,,,,,,,,,,,,,,,,,,,,,,,,,
CRIMINAL DAMAGE,2025-03-18 00:00:00,41.867291406,-87.711728838,,,,,,,,,,,,,,,,,,,,,,,,,,,,,,,,
THEFT,2025-03-18 00:00:00,41.855765834,-87.681586544,,,,,,,,,,,,,,,,,,,,,,,,,,,,,,,,
CRIMINAL SEXUAL ASSAULT,2025-03-18 00:00:00,41.895002822,-87.621454706,,,,,,,,,,,,,,,,,,,,,,,,,,,,,,,,
CRIMINAL DAMAGE,2025-03-17 23:33:00,41.990686468,-87.707870201,,,,,,,,,,,,,,,,,,,,,,,,,,,,,,,,
OTHER OFFENSE,2025-03-17 23:30:00,41.820296503,-87.612729547,,,,,,,,,,,,,,,,,,,,,,,,,,,,,,,,
THEFT,2025-03-17 23:30:00,41.976162036,-87.652046543,,,,,,,,,,,,,,,,,,,,,,,,,,,,,,,,
ASSAULT,2025-03-17 23:30:00,41.878744874,-87.677016454,,,,,,,,,,,,,,,,,,,,,,,,,,,,,,,,
OFFENSE INVOLVING CHILDREN,2025-03-17 23:30:00,41.88314073,-87.76660788,,,,,,,,,,,,,,,,,,,,,,,,,,,,,,,,
BATTERY,2025-03-17 23:30:00,41.980279422,-87.691767478,,,,,,,,,,,,,,,,,,,,,,,,,,,,,,,,
BATTERY,2025-03-17 23:30:00,41.801455413,-87.61773423,,,,,,,,,,,,,,,,,,,,,,,,,,,,,,,,
CRIMINAL DAMAGE,2025-03-17 23:23:00,41.778211561,-87.753589804,,,,,,,,,,,,,,,,,,,,,,,,,,,,,,,,
BATTERY,2025-03-17 23:20:00,41.684230637,-87.646235343,,,,,,,,,,,,,,,,,,,,,,,,,,,,,,,,
MOTOR VEHICLE THEFT,2025-03-17 23:00:00,41.940983323,-87.721610338,,,,,,,,,,,,,,,,,,,,,,,,,,,,,,,,
ASSAULT,2025-03-17 23:00:00,41.774235653,-87.714252228,,,,,,,,,,,,,,,,,,,,,,,,,,,,,,,,
THEFT,2025-03-17 23:00:00,41.748472119,-87.603888197,,,,,,,,,,,,,,,,,,,,,,,,,,,,,,,,
THEFT,2025-03-17 23:00:00,41.881847601,-87.641772074,,,,,,,,,,,,,,,,,,,,,,,,,,,,,,,,
BATTERY,2025-03-17 23:00:00,41.801538809,-87.616145232,,,,,,,,,,,,,,,,,,,,,,,,,,,,,,,,
ASSAULT,2025-03-17 22:59:00,41.754507854,-87.576050797,,,,,,,,,,,,,,,,,,,,,,,,,,,,,,,,
BATTERY,2025-03-17 22:54:00,41.802064139,-87.589149319,,,,,,,,,,,,,,,,,,,,,,,,,,,,,,,,
THEFT,2025-03-17 22:50:00,41.9764212,-87.904976266,,,,,,,,,,,,,,,,,,,,,,,,,,,,,,,,
CRIMINAL DAMAGE,2025-03-17 22:45:00,41.775834643,-87.615515144,,,,,,,,,,,,,,,,,,,,,,,,,,,,,,,,
ROBBERY,2025-03-17 22:30:00,41.707263872,-87.617032859,,,,,,,,,,,,,,,,,,,,,,,,,,,,,,,,
ASSAULT,2025-03-17 22:30:00,41.772412942,-87.587578543,,,,,,,,,,,,,,,,,,,,,,,,,,,,,,,,
THEFT,2025-03-17 22:30:00,41.872555115,-87.724062358,,,,,,,,,,,,,,,,,,,,,,,,,,,,,,,,
BATTERY,2025-03-17 22:30:00,41.778833058,-87.676331372,,,,,,,,,,,,,,,,,,,,,,,,,,,,,,,,
NARCOTICS,2025-03-17 22:20:00,41.945839699,-87.770247097,,,,,,,,,,,,,,,,,,,,,,,,,,,,,,,,
BATTERY,2025-03-17 22:19:00,41.945863902,-87.767912706,,,,,,,,,,,,,,,,,,,,,,,,,,,,,,,,
THEFT,2025-03-17 22:19:00,41.883829743,-87.614201099,,,,,,,,,,,,,,,,,,,,,,,,,,,,,,,,
INTERFERENCE WITH PUBLIC OFFICER,2025-03-17 22:09:00,41.751342079,-87.56137777,,,,,,,,,,,,,,,,,,,,,,,,,,,,,,,,
ASSAULT,2025-03-17 22:05:00,41.751383531,-87.552889749,,,,,,,,,,,,,,,,,,,,,,,,,,,,,,,,
MOTOR VEHICLE THEFT,2025-03-17 22:00:00,41.743255632,-87.601367592,,,,,,,,,,,,,,,,,,,,,,,,,,,,,,,,
CRIMINAL DAMAGE,2025-03-17 22:00:00,41.922137711,-87.787846987,,,,,,,,,,,,,,,,,,,,,,,,,,,,,,,,
ROBBERY,2025-03-17 22:00:00,41.772520766,-87.614833569,,,,,,,,,,,,,,,,,,,,,,,,,,,,,,,,
BATTERY,2025-03-17 22:00:00,41.89200307,-87.628076963,,,,,,,,,,,,,,,,,,,,,,,,,,,,,,,,
THEFT,2025-03-17 22:00:00,41.902900866,-87.699702154,,,,,,,,,,,,,,,,,,,,,,,,,,,,,,,,
MOTOR VEHICLE THEFT,2025-03-17 22:00:00,41.691187441,-87.541315801,,,,,,,,,,,,,,,,,,,,,,,,,,,,,,,,
CRIMINAL DAMAGE,2025-03-17 22:00:00,41.954385096,-87.72763642,,,,,,,,,,,,,,,,,,,,,,,,,,,,,,,,
MOTOR VEHICLE THEFT,2025-03-17 22:00:00,41.736910888,-87.654581106,,,,,,,,,,,,,,,,,,,,,,,,,,,,,,,,
BURGLARY,2025-03-17 21:43:00,41.84783858,-87.616780783,,,,,,,,,,,,,,,,,,,,,,,,,,,,,,,,
BATTERY,2025-03-17 21:43:00,41.679701468,-87.635590702,,,,,,,,,,,,,,,,,,,,,,,,,,,,,,,,
BATTERY,2025-03-17 21:40:00,41.880385785,-87.75401484,,,,,,,,,,,,,,,,,,,,,,,,,,,,,,,,
BURGLARY,2025-03-17 21:39:00,41.862183816,-87.661440644,,,,,,,,,,,,,,,,,,,,,,,,,,,,,,,,
MOTOR VEHICLE THEFT,2025-03-17 21:35:00,41.767292504,-87.6276117,,,,,,,,,,,,,,,,,,,,,,,,,,,,,,,,
BATTERY,2025-03-17 21:30:00,41.95391599,-87.708715119,,,,,,,,,,,,,,,,,,,,,,,,,,,,,,,,
CRIMINAL DAMAGE,2025-03-17 21:30:00,41.785234142,-87.704532411,,,,,,,,,,,,,,,,,,,,,,,,,,,,,,,,
ARSON,2025-03-17 21:26:00,41.736413756,-87.620523151,,,,,,,,,,,,,,,,,,,,,,,,,,,,,,,,
BATTERY,2025-03-17 21:25:00,41.762835655,-87.647992477,,,,,,,,,,,,,,,,,,,,,,,,,,,,,,,,
MOTOR VEHICLE THEFT,2025-03-17 21:22:00,41.836559146,-87.620223934,,,,,,,,,,,,,,,,,,,,,,,,,,,,,,,,
THEFT,2025-03-17 21:22:00,41.802896506,-87.606425428,,,,,,,,,,,,,,,,,,,,,,,,,,,,,,,,
THEFT,2025-03-17 21:20:00,41.932222582,-87.683432779,,,,,,,,,,,,,,,,,,,,,,,,,,,,,,,,
BATTERY,2025-03-17 21:15:00,41.731898731,-87.551641891,,,,,,,,,,,,,,,,,,,,,,,,,,,,,,,,
THEFT,2025-03-17 21:15:00,41.907219171,-87.63155009,,,,,,,,,,,,,,,,,,,,,,,,,,,,,,,,
CRIMINAL TRESPASS,2025-03-17 21:15:00,41.939846153,-87.719867983,,,,,,,,,,,,,,,,,,,,,,,,,,,,,,,,
THEFT,2025-03-17 21:13:00,41.896058183,-87.654804865,,,,,,,,,,,,,,,,,,,,,,,,,,,,,,,,
OTHER OFFENSE,2025-03-17 21:10:00,41.765688866,-87.582436674,,,,,,,,,,,,,,,,,,,,,,,,,,,,,,,,
WEAPONS VIOLATION,2025-03-17 21:10:00,41.808110354,-87.633333417,,,,,,,,,,,,,,,,,,,,,,,,,,,,,,,,
THEFT,2025-03-17 21:02:00,41.906797102,-87.671861659,,,,,,,,,,,,,,,,,,,,,,,,,,,,,,,,
THEFT,2025-03-17 21:00:00,41.841825184,-87.623292218,,,,,,,,,,,,,,,,,,,,,,,,,,,,,,,,
THEFT,2025-03-17 21:00:00,41.945256125,-87.747939917,,,,,,,,,,,,,,,,,,,,,,,,,,,,,,,,
THEFT,2025-03-17 21:00:00,41.679015448,-87.631095535,,,,,,,,,,,,,,,,,,,,,,,,,,,,,,,,
DECEPTIVE PRACTICE,2025-03-17 21:00:00,41.980045979,-87.65544391,,,,,,,,,,,,,,,,,,,,,,,,,,,,,,,,
MOTOR VEHICLE THEFT,2025-03-17 21:00:00,41.842539286,-87.656108262,,,,,,,,,,,,,,,,,,,,,,,,,,,,,,,,
ROBBERY,2025-03-17 21:00:00,41.840106225,-87.724436322,,,,,,,,,,,,,,,,,,,,,,,,,,,,,,,,
CRIMINAL DAMAGE,2025-03-17 21:00:00,41.871179595,-87.655391142,,,,,,,,,,,,,,,,,,,,,,,,,,,,,,,,
CRIMINAL DAMAGE,2025-03-17 21:00:00,41.766829271,-87.620146244,,,,,,,,,,,,,,,,,,,,,,,,,,,,,,,,
THEFT,2025-03-17 21:00:00,41.987254883,-87.702110556,,,,,,,,,,,,,,,,,,,,,,,,,,,,,,,,
THEFT,2025-03-17 21:00:00,42.000432129,-87.661434046,,,,,,,,,,,,,,,,,,,,,,,,,,,,,,,,
THEFT,2025-03-17 21:00:00,41.889906681,-87.624100509,,,,,,,,,,,,,,,,,,,,,,,,,,,,,,,,
CRIMINAL DAMAGE,2025-03-17 21:00:00,41.871660063,-87.656825335,,,,,,,,,,,,,,,,,,,,,,,,,,,,,,,,
OTHER OFFENSE,2025-03-17 20:58:00,41.86431172,-87.693346684,,,,,,,,,,,,,,,,,,,,,,,,,,,,,,,,
BATTERY,2025-03-17 20:57:00,41.775140279,-87.752964897,,,,,,,,,,,,,,,,,,,,,,,,,,,,,,,,
WEAPONS VIOLATION,2025-03-17 20:53:00,41.799429695,-87.733139401,,,,,,,,,,,,,,,,,,,,,,,,,,,,,,,,
INTERFERENCE WITH PUBLIC OFFICER,2025-03-17 20:53:00,41.822245225,-87.690948128,,,,,,,,,,,,,,,,,,,,,,,,,,,,,,,,
WEAPONS VIOLATION,2025-03-17 20:52:00,41.853111155,-87.674679831,,,,,,,,,,,,,,,,,,,,,,,,,,,,,,,,
BATTERY,2025-03-17 20:45:00,41.672986347,-87.66002247,,,,,,,,,,,,,,,,,,,,,,,,,,,,,,,,
OTHER OFFENSE,2025-03-17 20:45:00,41.713172276,-87.623647788,,,,,,,,,,,,,,,,,,,,,,,,,,,,,,,,
WEAPONS VIOLATION,2025-03-17 20:45:00,41.825302986,-87.704955002,,,,,,,,,,,,,,,,,,,,,,,,,,,,,,,,
THEFT,2025-03-17 20:40:00,41.776832515,-87.683577859,,,,,,,,,,,,,,,,,,,,,,,,,,,,,,,,
WEAPONS VIOLATION,2025-03-17 20:40:00,41.866184642,-87.724379838,,,,,,,,,,,,,,,,,,,,,,,,,,,,,,,,
BATTERY,2025-03-17 20:34:00,41.884813067,-87.714199454,,,,,,,,,,,,,,,,,,,,,,,,,,,,,,,,
BATTERY,2025-03-17 20:32:00,41.877264547,-87.711826813,,,,,,,,,,,,,,,,,,,,,,,,,,,,,,,,
BATTERY,2025-03-17 20:30:00,41.929568924,-87.794203793,,,,,,,,,,,,,,,,,,,,,,,,,,,,,,,,
THEFT,2025-03-17 20:30:00,41.837054941,-87.665729137,,,,,,,,,,,,,,,,,,,,,,,,,,,,,,,,
ASSAULT,2025-03-17 20:30:00,41.774931163,-87.782394508,,,,,,,,,,,,,,,,,,,,,,,,,,,,,,,,
THEFT,2025-03-17 20:30:00,41.799533271,-87.589897429,,,,,,,,,,,,,,,,,,,,,,,,,,,,,,,,
OTHER OFFENSE,2025-03-17 20:30:00,41.774006317,-87.733618439,,,,,,,,,,,,,,,,,,,,,,,,,,,,,,,,
BURGLARY,2025-03-17 20:29:00,41.761594979,-87.577089059,,,,,,,,,,,,,,,,,,,,,,,,,,,,,,,,
ROBBERY,2025-03-17 20:28:00,41.851875905,-87.69750819,,,,,,,,,,,,,,,,,,,,,,,,,,,,,,,,
NARCOTICS,2025-03-17 20:21:00,41.967628054,-87.70355457,,,,,,,,,,,,,,,,,,,,,,,,,,,,,,,,
THEFT,2025-03-17 20:20:00,41.885653525,-87.64812469,,,,,,,,,,,,,,,,,,,,,,,,,,,,,,,,
WEAPONS VIOLATION,2025-03-17 20:19:00,41.880655171,-87.731685867,,,,,,,,,,,,,,,,,,,,,,,,,,,,,,,,
CRIMINAL DAMAGE,2025-03-17 20:16:00,41.756454861,-87.717230556,,,,,,,,,,,,,,,,,,,,,,,,,,,,,,,,
THEFT,2025-03-17 20:15:00,41.910377001,-87.631871862,,,,,,,,,,,,,,,,,,,,,,,,,,,,,,,,
NARCOTICS,2025-03-17 20:15:00,41.892870461,-87.628111495,,,,,,,,,,,,,,,,,,,,,,,,,,,,,,,,
CONCEALED CARRY LICENSE VIOLATION,2025-03-17 20:13:00,41.890084853,-87.705121137,,,,,,,,,,,,,,,,,,,,,,,,,,,,,,,,
ROBBERY,2025-03-17 20:09:00,41.880255584,-87.627728782,,,,,,,,,,,,,,,,,,,,,,,,,,,,,,,,
OTHER OFFENSE,2025-03-17 20:07:00,41.857713393,-87.671835452,,,,,,,,,,,,,,,,,,,,,,,,,,,,,,,,
THEFT,2025-03-17 20:00:00,41.793332648,-87.590970213,,,,,,,,,,,,,,,,,,,,,,,,,,,,,,,,
CRIMINAL TRESPASS,2025-03-17 20:00:00,41.804090331,-87.668499505,,,,,,,,,,,,,,,,,,,,,,,,,,,,,,,,
MOTOR VEHICLE THEFT,2025-03-17 20:00:00,41.71710438,-87.536492444,,,,,,,,,,,,,,,,,,,,,,,,,,,,,,,,
BATTERY,2025-03-17 19:55:00,41.766102387,-87.573539169,,,,,,,,,,,,,,,,,,,,,,,,,,,,,,,,
CRIMINAL DAMAGE,2025-03-17 19:50:00,41.753937269,-87.636813954,,,,,,,,,,,,,,,,,,,,,,,,,,,,,,,,
BATTERY,2025-03-17 19:49:00,41.751353941,-87.671950106,,,,,,,,,,,,,,,,,,,,,,,,,,,,,,,,
CRIMINAL DAMAGE,2025-03-17 19:49:00,41.754275804,-87.643344822,,,,,,,,,,,,,,,,,,,,,,,,,,,,,,,,
NARCOTICS,2025-03-17 19:47:00,41.864382781,-87.722006988,,,,,,,,,,,,,,,,,,,,,,,,,,,,,,,,
WEAPONS VIOLATION,2025-03-17 19:46:00,41.694393036,-87.624121555,,,,,,,,,,,,,,,,,,,,,,,,,,,,,,,,
BATTERY,2025-03-17 19:46:00,41.763041071,-87.576232702,,,,,,,,,,,,,,,,,,,,,,,,,,,,,,,,
ROBBERY,2025-03-17 19:45:00,41.886371913,-87.709656269,,,,,,,,,,,,,,,,,,,,,,,,,,,,,,,,
ASSAULT,2025-03-17 19:44:00,41.809297059,-87.591967028,,,,,,,,,,,,,,,,,,,,,,,,,,,,,,,,
CRIMINAL DAMAGE,2025-03-17 19:41:00,41.868035558,-87.721524277,,,,,,,,,,,,,,,,,,,,,,,,,,,,,,,,
OTHER OFFENSE,2025-03-17 19:40:00,41.921889662,-87.71813663,,,,,,,,,,,,,,,,,,,,,,,,,,,,,,,,
NARCOTICS,2025-03-17 19:35:00,41.90885825,-87.646656908,,,,,,,,,,,,,,,,,,,,,,,,,,,,,,,,
THEFT,2025-03-17 19:30:00,41.894153798,-87.651119072,,,,,,,,,,,,,,,,,,,,,,,,,,,,,,,,
CRIMINAL DAMAGE,2025-03-17 19:30:00,41.735717038,-87.606124602,,,,,,,,,,,,,,,,,,,,,,,,,,,,,,,,
DECEPTIVE PRACTICE,2025-03-17 19:30:00,41.997786161,-87.686658323,,,,,,,,,,,,,,,,,,,,,,,,,,,,,,,,
BATTERY,2025-03-17 19:25:00,41.699184632,-87.642593834,,,,,,,,,,,,,,,,,,,,,,,,,,,,,,,,
BATTERY,2025-03-17 19:23:00,41.809841972,-87.63378041,,,,,,,,,,,,,,,,,,,,,,,,,,,,,,,,
THEFT,2025-03-17 19:17:00,42.000543176,-87.660715471,,,,,,,,,,,,,,,,,,,,,,,,,,,,,,,,
CRIMINAL DAMAGE,2025-03-17 19:15:00,41.95437137,-87.717831709,,,,,,,,,,,,,,,,,,,,,,,,,,,,,,,,
BATTERY,2025-03-17 19:15:00,41.906901954,-87.632181754,,,,,,,,,,,,,,,,,,,,,,,,,,,,,,,,
INTERFERENCE WITH PUBLIC OFFICER,2025-03-17 19:06:00,41.752941386,-87.668360597,,,,,,,,,,,,,,,,,,,,,,,,,,,,,,,,
OTHER OFFENSE,2025-03-17 19:06:00,41.939019418,-87.732706986,,,,,,,,,,,,,,,,,,,,,,,,,,,,,,,,
WEAPONS VIOLATION,2025-03-17 19:06:00,41.754873664,-87.668410286,,,,,,,,,,,,,,,,,,,,,,,,,,,,,,,,
NARCOTICS,2025-03-17 19:03:00,41.870932257,-87.744921277,,,,,,,,,,,,,,,,,,,,,,,,,,,,,,,,
BURGLARY,2025-03-17 19:02:00,41.736413756,-87.620523151,,,,,,,,,,,,,,,,,,,,,,,,,,,,,,,,
MOTOR VEHICLE THEFT,2025-03-17 19:00:00,41.711305607,-87.536487154,,,,,,,,,,,,,,,,,,,,,,,,,,,,,,,,
CRIMINAL DAMAGE,2025-03-17 19:00:00,41.862311292,-87.649100838,,,,,,,,,,,,,,,,,,,,,,,,,,,,,,,,
CRIMINAL DAMAGE,2025-03-17 19:00:00,41.935119034,-87.715480936,,,,,,,,,,,,,,,,,,,,,,,,,,,,,,,,
THEFT,2025-03-17 19:00:00,41.937419726,-87.770104325,,,,,,,,,,,,,,,,,,,,,,,,,,,,,,,,
MOTOR VEHICLE THEFT,2025-03-17 19:00:00,41.710715507,-87.597374915,,,,,,,,,,,,,,,,,,,,,,,,,,,,,,,,
BATTERY,2025-03-17 19:00:00,41.967738629,-87.770826485,,,,,,,,,,,,,,,,,,,,,,,,,,,,,,,,
THEFT,2025-03-17 19:00:00,41.985636008,-87.716280081,,,,,,,,,,,,,,,,,,,,,,,,,,,,,,,,
NARCOTICS,2025-03-17 18:51:00,41.860419537,-87.709152299,,,,,,,,,,,,,,,,,,,,,,,,,,,,,,,,
THEFT,2025-03-17 18:51:00,41.97443857,-87.81119077,,,,,,,,,,,,,,,,,,,,,,,,,,,,,,,,
THEFT,2025-03-17 18:51:00,41.863753158,-87.694560065,,,,,,,,,,,,,,,,,,,,,,,,,,,,,,,,
ROBBERY,2025-03-17 18:49:00,41.925174426,-87.666508943,,,,,,,,,,,,,,,,,,,,,,,,,,,,,,,,
DECEPTIVE PRACTICE,2025-03-17 18:44:00,41.706376588,-87.682394407,,,,,,,,,,,,,,,,,,,,,,,,,,,,,,,,
THEFT,2025-03-17 18:43:00,41.867206743,-87.643090037,,,,,,,,,,,,,,,,,,,,,,,,,,,,,,,,
CRIMINAL DAMAGE,2025-03-17 18:42:00,41.683198504,-87.62762348,,,,,,,,,,,,,,,,,,,,,,,,,,,,,,,,
ASSAULT,2025-03-17 18:40:00,41.932575738,-87.657615295,,,,,,,,,,,,,,,,,,,,,,,,,,,,,,,,
CRIMINAL TRESPASS,2025-03-17 18:35:00,41.780439401,-87.603727666,,,,,,,,,,,,,,,,,,,,,,,,,,,,,,,,
CRIMINAL DAMAGE,2025-03-17 18:33:00,41.871496464,-87.727813774,,,,,,,,,,,,,,,,,,,,,,,,,,,,,,,,
THEFT,2025-03-17 18:30:00,41.880717301,-87.72628358,,,,,,,,,,,,,,,,,,,,,,,,,,,,,,,,
DECEPTIVE PRACTICE,2025-03-17 18:29:00,41.726008504,-87.682221922,,,,,,,,,,,,,,,,,,,,,,,,,,,,,,,,
CRIMINAL DAMAGE,2025-03-17 18:25:00,41.79523709,-87.6670471,,,,,,,,,,,,,,,,,,,,,,,,,,,,,,,,
BATTERY,2025-03-17 18:25:00,41.781367064,-87.607207607,,,,,,,,,,,,,,,,,,,,,,,,,,,,,,,,
BATTERY,2025-03-17 18:20:00,41.789204622,-87.703437543,,,,,,,,,,,,,,,,,,,,,,,,,,,,,,,,
BATTERY,2025-03-17 18:15:00,41.946931814,-87.673369433,,,,,,,,,,,,,,,,,,,,,,,,,,,,,,,,
THEFT,2025-03-17 18:13:00,41.739727015,-87.604910522,,,,,,,,,,,,,,,,,,,,,,,,,,,,,,,,
THEFT,2025-03-17 18:11:00,41.994019837,-87.713281946,,,,,,,,,,,,,,,,,,,,,,,,,,,,,,,,
THEFT,2025-03-17 18:05:00,41.762816424,-87.647989016,,,,,,,,,,,,,,,,,,,,,,,,,,,,,,,,
BURGLARY,2025-03-17 18:00:00,41.925839563,-87.678610196,,,,,,,,,,,,,,,,,,,,,,,,,,,,,,,,
ROBBERY,2025-03-17 18:00:00,41.862463709,-87.709602317,,,,,,,,,,,,,,,,,,,,,,,,,,,,,,,,
THEFT,2025-03-17 18:00:00,41.955100267,-87.672230041,,,,,,,,,,,,,,,,,,,,,,,,,,,,,,,,
THEFT,2025-03-17 18:00:00,41.993267703,-87.673372854,,,,,,,,,,,,,,,,,,,,,,,,,,,,,,,,
THEFT,2025-03-17 18:00:00,41.791630164,-87.652379643,,,,,,,,,,,,,,,,,,,,,,,,,,,,,,,,
MOTOR VEHICLE THEFT,2025-03-17 18:00:00,41.857740504,-87.669874959,,,,,,,,,,,,,,,,,,,,,,,,,,,,,,,,
CRIMINAL DAMAGE,2025-03-17 18:00:00,41.951143843,-87.700606823,,,,,,,,,,,,,,,,,,,,,,,,,,,,,,,,
CRIMINAL TRESPASS,2025-03-17 18:00:00,41.755605151,-87.621483629,,,,,,,,,,,,,,,,,,,,,,,,,,,,,,,,
ROBBERY,2025-03-17 18:00:00,41.932869148,-87.749104283,,,,,,,,,,,,,,,,,,,,,,,,,,,,,,,,
CRIMINAL DAMAGE,2025-03-17 18:00:00,41.812534475,-87.618241859,,,,,,,,,,,,,,,,,,,,,,,,,,,,,,,,
THEFT,2025-03-17 18:00:00,41.891660183,-87.628547174,,,,,,,,,,,,,,,,,,,,,,,,,,,,,,,,
BATTERY,2025-03-17 17:58:00,41.727222915,-87.57547379,,,,,,,,,,,,,,,,,,,,,,,,,,,,,,,,
CRIMINAL DAMAGE,2025-03-17 17:55:00,41.917656022,-87.688750258,,,,,,,,,,,,,,,,,,,,,,,,,,,,,,,,
WEAPONS VIOLATION,2025-03-17 17:52:00,41.894352859,-87.713839205,,,,,,,,,,,,,,,,,,,,,,,,,,,,,,,,
OTHER OFFENSE,2025-03-17 17:50:00,41.884327498,-87.623189049,,,,,,,,,,,,,,,,,,,,,,,,,,,,,,,,
THEFT,2025-03-17 17:50:00,41.758189762,-87.627627142,,,,,,,,,,,,,,,,,,,,,,,,,,,,,,,,
THEFT,2025-03-17 17:45:00,41.963070794,-87.655984213,,,,,,,,,,,,,,,,,,,,,,,,,,,,,,,,
NARCOTICS,2025-03-17 17:42:00,41.865471501,-87.72393137,,,,,,,,,,,,,,,,,,,,,,,,,,,,,,,,
ASSAULT,2025-03-17 17:32:00,41.894945698,-87.754893341,,,,,,,,,,,,,,,,,,,,,,,,,,,,,,,,
THEFT,2025-03-17 17:30:00,41.834042232,-87.674368991,,,,,,,,,,,,,,,,,,,,,,,,,,,,,,,,
CRIMINAL DAMAGE,2025-03-17 17:30:00,41.862327927,-87.64820859,,,,,,,,,,,,,,,,,,,,,,,,,,,,,,,,
BATTERY,2025-03-17 17:30:00,41.964239134,-87.661001861,,,,,,,,,,,,,,,,,,,,,,,,,,,,,,,,
BATTERY,2025-03-17 17:30:00,41.924406534,-87.795268807,,,,,,,,,,,,,,,,,,,,,,,,,,,,,,,,
THEFT,2025-03-17 17:28:00,41.796890794,-87.602770958,,,,,,,,,,,,,,,,,,,,,,,,,,,,,,,,
THEFT,2025-03-17 17:27:00,41.714012214,-87.659228209,,,,,,,,,,,,,,,,,,,,,,,,,,,,,,,,
ASSAULT,2025-03-17 17:20:00,41.802007569,-87.622242931,,,,,,,,,,,,,,,,,,,,,,,,,,,,,,,,
THEFT,2025-03-17 17:18:00,41.680692908,-87.662446079,,,,,,,,,,,,,,,,,,,,,,,,,,,,,,,,
BATTERY,2025-03-17 17:15:00,41.899857664,-87.684495706,,,,,,,,,,,,,,,,,,,,,,,,,,,,,,,,
BATTERY,2025-03-17 17:10:00,41.762901537,-87.588473086,,,,,,,,,,,,,,,,,,,,,,,,,,,,,,,,
THEFT,2025-03-17 17:09:00,41.798975283,-87.601294973,,,,,,,,,,,,,,,,,,,,,,,,,,,,,,,,
BATTERY,2025-03-17 17:08:00,41.940003716,-87.647789387,,,,,,,,,,,,,,,,,,,,,,,,,,,,,,,,
BATTERY,2025-03-17 17:04:00,41.799301065,-87.631958642,,,,,,,,,,,,,,,,,,,,,,,,,,,,,,,,
HOMICIDE,2025-03-17 17:03:00,41.875910934,-87.702638262,,,,,,,,,,,,,,,,,,,,,,,,,,,,,,,,
ASSAULT,2025-03-17 17:03:00,41.809669669,-87.594427666,,,,,,,,,,,,,,,,,,,,,,,,,,,,,,,,
CRIMINAL DAMAGE,2025-03-17 17:01:00,41.778045176,-87.703227793,,,,,,,,,,,,,,,,,,,,,,,,,,,,,,,,
CRIMINAL DAMAGE,2025-03-17 17:00:00,42.00358158,-87.660815919,,,,,,,,,,,,,,,,,,,,,,,,,,,,,,,,
THEFT,2025-03-17 17:00:00,41.877470199,-87.678222877,,,,,,,,,,,,,,,,,,,,,,,,,,,,,,,,
THEFT,2025-03-17 17:00:00,41.811397019,-87.671120054,,,,,,,,,,,,,,,,,,,,,,,,,,,,,,,,
CRIMINAL DAMAGE,2025-03-17 17:00:00,41.809015971,-87.728523575,,,,,,,,,,,,,,,,,,,,,,,,,,,,,,,,
ASSAULT,2025-03-17 17:00:00,41.791344555,-87.781769935,,,,,,,,,,,,,,,,,,,,,,,,,,,,,,,,
THEFT,2025-03-17 17:00:00,41.861517395,-87.662453482,,,,,,,,,,,,,,,,,,,,,,,,,,,,,,,,
THEFT,2025-03-17 17:00:00,41.779520772,-87.660962362,,,,,,,,,,,,,,,,,,,,,,,,,,,,,,,,
ROBBERY,2025-03-17 17:00:00,41.864284344,-87.729335621,,,,,,,,,,,,,,,,,,,,,,,,,,,,,,,,
CRIMINAL SEXUAL ASSAULT,2025-03-17 17:00:00,41.914284365,-87.772038259,,,,,,,,,,,,,,,,,,,,,,,,,,,,,,,,
ROBBERY,2025-03-17 17:00:00,41.833806759,-87.672074335,,,,,,,,,,,,,,,,,,,,,,,,,,,,,,,,
BATTERY,2025-03-17 17:00:00,41.806779635,-87.607723982,,,,,,,,,,,,,,,,,,,,,,,,,,,,,,,,
THEFT,2025-03-17 17:00:00,41.946742584,-87.687383969,,,,,,,,,,,,,,,,,,,,,,,,,,,,,,,,
ROBBERY,2025-03-17 17:00:00,41.746799874,-87.657584436,,,,,,,,,,,,,,,,,,,,,,,,,,,,,,,,
CRIMINAL DAMAGE,2025-03-17 17:00:00,41.803671998,-87.703846021,,,,,,,,,,,,,,,,,,,,,,,,,,,,,,,,
THEFT,2025-03-17 17:00:00,,,,,,,,,,,,,,,,,,,,,,,,,,,,,,,,,,
CRIMINAL DAMAGE,2025-03-17 16:59:00,41.900077383,-87.63133811,,,,,,,,,,,,,,,,,,,,,,,,,,,,,,,,
OTHER OFFENSE,2025-03-17 16:54:00,41.780817093,-87.770384239,,,,,,,,,,,,,,,,,,,,,,,,,,,,,,,,
BATTERY,2025-03-17 16:45:00,41.794533814,-87.631438536,,,,,,,,,,,,,,,,,,,,,,,,,,,,,,,,
BURGLARY,2025-03-17 16:45:00,41.87498322,-87.685356878,,,,,,,,,,,,,,,,,,,,,,,,,,,,,,,,
BATTERY,2025-03-17 16:44:00,41.809631718,-87.69424704,,,,,,,,,,,,,,,,,,,,,,,,,,,,,,,,
NARCOTICS,2025-03-17 16:44:00,41.873608502,-87.736000143,,,,,,,,,,,,,,,,,,,,,,,,,,,,,,,,
WEAPONS VIOLATION,2025-03-17 16:40:00,41.96593721,-87.727964573,,,,,,,,,,,,,,,,,,,,,,,,,,,,,,,,
THEFT,2025-03-17 16:40:00,41.995323698,-87.656974008,,,,,,,,,,,,,,,,,,,,,,,,,,,,,,,,
THEFT,2025-03-17 16:35:00,41.80950879,-87.608371773,,,,,,,,,,,,,,,,,,,,,,,,,,,,,,,,
BATTERY,2025-03-17 16:34:00,41.746966294,-87.601424385,,,,,,,,,,,,,,,,,,,,,,,,,,,,,,,,
BATTERY,2025-03-17 16:33:00,41.752987691,-87.665933998,,,,,,,,,,,,,,,,,,,,,,,,,,,,,,,,
BATTERY,2025-03-17 16:30:00,41.701811694,-87.55958657,,,,,,,,,,,,,,,,,,,,,,,,,,,,,,,,
DECEPTIVE PRACTICE,2025-03-17 16:30:00,41.878840427,-87.639582928,,,,,,,,,,,,,,,,,,,,,,,,,,,,,,,,
MOTOR VEHICLE THEFT,2025-03-17 16:30:00,41.903722719,-87.709972333,,,,,,,,,,,,,,,,,,,,,,,,,,,,,,,,
OTHER OFFENSE,2025-03-17 16:30:00,41.782951712,-87.604362828,,,,,,,,,,,,,,,,,,,,,,,,,,,,,,,,
THEFT,2025-03-17 16:30:00,41.938353011,-87.644341137,,,,,,,,,,,,,,,,,,,,,,,,,,,,,,,,
ASSAULT,2025-03-17 16:25:00,41.93991842,-87.653288878,,,,,,,,,,,,,,,,,,,,,,,,,,,,,,,,
ASSAULT,2025-03-17 16:21:00,41.862365191,-87.718303732,,,,,,,,,,,,,,,,,,,,,,,,,,,,,,,,
ASSAULT,2025-03-17 16:20:00,41.682494068,-87.626869725,,,,,,,,,,,,,,,,,,,,,,,,,,,,,,,,
CRIMINAL DAMAGE,2025-03-17 16:19:00,41.704433855,-87.634312635,,,,,,,,,,,,,,,,,,,,,,,,,,,,,,,,
BATTERY,2025-03-17 16:16:00,41.750677723,-87.593034044,,,,,,,,,,,,,,,,,,,,,,,,,,,,,,,,
CRIMINAL DAMAGE,2025-03-17 16:15:00,41.871833527,-87.653669588,,,,,,,,,,,,,,,,,,,,,,,,,,,,,,,,
WEAPONS VIOLATION,2025-03-17 16:14:00,41.713753878,-87.642987258,,,,,,,,,,,,,,,,,,,,,,,,,,,,,,,,
CRIMINAL TRESPASS,2025-03-17 16:13:00,41.942350218,-87.656611563,,,,,,,,,,,,,,,,,,,,,,,,,,,,,,,,
WEAPONS VIOLATION,2025-03-17 16:12:00,41.867013845,-87.625822134,,,,,,,,,,,,,,,,,,,,,,,,,,,,,,,,
OTHER OFFENSE,2025-03-17 16:10:00,41.794462581,-87.770558224,,,,,,,,,,,,,,,,,,,,,,,,,,,,,,,,
BATTERY,2025-03-17 16:10:00,41.965850901,-87.730859202,,,,,,,,,,,,,,,,,,,,,,,,,,,,,,,,
OTHER OFFENSE,2025-03-17 16:08:00,41.76515656,-87.647403287,,,,,,,,,,,,,,,,,,,,,,,,,,,,,,,,
ASSAULT,2025-03-17 16:08:00,41.909860541,-87.638552799,,,,,,,,,,,,,,,,,,,,,,,,,,,,,,,,
BATTERY,2025-03-17 16:07:00,41.670776461,-87.61943596,,,,,,,,,,,,,,,,,,,,,,,,,,,,,,,,
CRIMINAL TRESPASS,2025-03-17 16:00:00,41.940837637,-87.733002347,,,,,,,,,,,,,,,,,,,,,,,,,,,,,,,,
MOTOR VEHICLE THEFT,2025-03-17 16:00:00,41.786609272,-87.67565797,,,,,,,,,,,,,,,,,,,,,,,,,,,,,,,,
CRIMINAL DAMAGE,2025-03-17 16:00:00,41.884546689,-87.616947314,,,,,,,,,,,,,,,,,,,,,,,,,,,,,,,,
BATTERY,2025-03-17 16:00:00,41.814382204,-87.608305812,,,,,,,,,,,,,,,,,,,,,,,,,,,,,,,,
THEFT,2025-03-17 16:00:00,41.959877611,-87.731022096,,,,,,,,,,,,,,,,,,,,,,,,,,,,,,,,
MOTOR VEHICLE THEFT,2025-03-17 16:00:00,41.751516641,-87.583173571,,,,,,,,,,,,,,,,,,,,,,,,,,,,,,,,
OTHER OFFENSE,2025-03-17 16:00:00,41.79285804,-87.624892706,,,,,,,,,,,,,,,,,,,,,,,,,,,,,,,,
CRIMINAL TRESPASS,2025-03-17 16:00:00,41.862066717,-87.695777288,,,,,,,,,,,,,,,,,,,,,,,,,,,,,,,,
ROBBERY,2025-03-17 16:00:00,41.769504085,-87.659087452,,,,,,,,,,,,,,,,,,,,,,,,,,,,,,,,
THEFT,2025-03-17 15:57:00,41.994758989,-87.7144777,,,,,,,,,,,,,,,,,,,,,,,,,,,,,,,,
CRIMINAL DAMAGE,2025-03-17 15:55:00,41.818120075,-87.702743389,,,,,,,,,,,,,,,,,,,,,,,,,,,,,,,,
ROBBERY,2025-03-17 15:50:00,41.995323698,-87.656974008,,,,,,,,,,,,,,,,,,,,,,,,,,,,,,,,
THEFT,2025-03-17 15:50:00,41.743869404,-87.611191969,,,,,,,,,,,,,,,,,,,,,,,,,,,,,,,,
BATTERY,2025-03-17 15:50:00,41.872901132,-87.694314778,,,,,,,,,,,,,,,,,,,,,,,,,,,,,,,,
THEFT,2025-03-17 15:45:00,41.9105506,-87.673185901,,,,,,,,,,,,,,,,,,,,,,,,,,,,,,,,
BATTERY,2025-03-17 15:45:00,41.881601409,-87.624350265,,,,,,,,,,,,,,,,,,,,,,,,,,,,,,,,
BATTERY,2025-03-17 15:44:00,41.748943304,-87.695039886,,,,,,,,,,,,,,,,,,,,,,,,,,,,,,,,
NARCOTICS,2025-03-17 15:42:00,41.901437805,-87.721389186,,,,,,,,,,,,,,,,,,,,,,,,,,,,,,,,
ASSAULT,2025-03-17 15:42:00,41.882389156,-87.624374606,,,,,,,,,,,,,,,,,,,,,,,,,,,,,,,,
OTHER OFFENSE,2025-03-17 15:39:00,41.737094305,-87.572998178,,,,,,,,,,,,,,,,,,,,,,,,,,,,,,,,
WEAPONS VIOLATION,2025-03-17 15:37:00,41.719044894,-87.538911622,,,,,,,,,,,,,,,,,,,,,,,,,,,,,,,,
OTHER OFFENSE,2025-03-17 15:36:00,41.957371882,-87.722144817,,,,,,,,,,,,,,,,,,,,,,,,,,,,,,,,
ASSAULT,2025-03-17 15:35:00,41.984622486,-87.836582104,,,,,,,,,,,,,,,,,,,,,,,,,,,,,,,,
DECEPTIVE PRACTICE,2025-03-17 15:35:00,41.997199344,-87.660474773,,,,,,,,,,,,,,,,,,,,,,,,,,,,,,,,
OTHER OFFENSE,2025-03-17 15:31:00,41.877352918,-87.702866432,,,,,,,,,,,,,,,,,,,,,,,,,,,,,,,,
BURGLARY,2025-03-17 15:30:00,41.706863301,-87.648561622,,,,,,,,,,,,,,,,,,,,,,,,,,,,,,,,
DECEPTIVE PRACTICE,2025-03-17 15:30:00,41.997199344,-87.660474773,,,,,,,,,,,,,,,,,,,,,,,,,,,,,,,,
DECEPTIVE PRACTICE,2025-03-17 15:30:00,42.012812146,-87.66442416,,,,,,,,,,,,,,,,,,,,,,,,,,,,,,,,
THEFT,2025-03-17 15:30:00,41.887979835,-87.773524594,,,,,,,,,,,,,,,,,,,,,,,,,,,,,,,,
BATTERY,2025-03-17 15:30:00,41.916124853,-87.730188129,,,,,,,,,,,,,,,,,,,,,,,,,,,,,,,,
BATTERY,2025-03-17 15:20:00,41.879636208,-87.736256136,,,,,,,,,,,,,,,,,,,,,,,,,,,,,,,,
ASSAULT,2025-03-17 15:18:00,41.812552172,-87.606631731,,,,,,,,,,,,,,,,,,,,,,,,,,,,,,,,
THEFT,2025-03-17 15:15:00,41.917656022,-87.688750258,,,,,,,,,,,,,,,,,,,,,,,,,,,,,,,,
OTHER OFFENSE,2025-03-17 15:11:00,41.784201467,-87.674036268,,,,,,,,,,,,,,,,,,,,,,,,,,,,,,,,
ASSAULT,2025-03-17 15:11:00,41.739860331,-87.601274245,,,,,,,,,,,,,,,,,,,,,,,,,,,,,,,,
DECEPTIVE PRACTICE,2025-03-17 15:00:00,41.747672341,-87.563741379,,,,,,,,,,,,,,,,,,,,,,,,,,,,,,,,
BATTERY,2025-03-17 15:00:00,41.745848924,-87.659679467,,,,,,,,,,,,,,,,,,,,,,,,,,,,,,,,
BATTERY,2025-03-17 15:00:00,41.895477968,-87.714342549,,,,,,,,,,,,,,,,,,,,,,,,,,,,,,,,
MOTOR VEHICLE THEFT,2025-03-17 15:00:00,41.949015206,-87.656026428,,,,,,,,,,,,,,,,,,,,,,,,,,,,,,,,
NARCOTICS,2025-03-17 15:00:00,42.019977977,-87.673089367,,,,,,,,,,,,,,,,,,,,,,,,,,,,,,,,
BATTERY,2025-03-17 15:00:00,41.868276568,-87.739203531,,,,,,,,,,,,,,,,,,,,,,,,,,,,,,,,
THEFT,2025-03-17 15:00:00,41.753090645,-87.658658222,,,,,,,,,,,,,,,,,,,,,,,,,,,,,,,,
BATTERY,2025-03-17 14:53:00,41.873709176,-87.749169703,,,,,,,,,,,,,,,,,,,,,,,,,,,,,,,,
BATTERY,2025-03-17 14:50:00,41.845895399,-87.703847013,,,,,,,,,,,,,,,,,,,,,,,,,,,,,,,,
BATTERY,2025-03-17 14:50:00,41.881599076,-87.626197394,,,,,,,,,,,,,,,,,,,,,,,,,,,,,,,,
BATTERY,2025-03-17 14:45:00,41.795697408,-87.642761358,,,,,,,,,,,,,,,,,,,,,,,,,,,,,,,,
DECEPTIVE PRACTICE,2025-03-17 14:44:00,42.00186886,-87.660756695,,,,,,,,,,,,,,,,,,,,,,,,,,,,,,,,
CRIMINAL TRESPASS,2025-03-17 14:42:00,41.769819793,-87.574617034,,,,,,,,,,,,,,,,,,,,,,,,,,,,,,,,
WEAPONS VIOLATION,2025-03-17 14:38:00,41.813747428,-87.621331743,,,,,,,,,,,,,,,,,,,,,,,,,,,,,,,,
THEFT,2025-03-17 14:38:00,41.925197594,-87.677679717,,,,,,,,,,,,,,,,,,,,,,,,,,,,,,,,
THEFT,2025-03-17 14:37:00,41.94044868,-87.651081589,,,,,,,,,,,,,,,,,,,,,,,,,,,,,,,,
ASSAULT,2025-03-17 14:30:00,41.689815599,-87.639878573,,,,,,,,,,,,,,,,,,,,,,,,,,,,,,,,
ASSAULT,2025-03-17 14:30:00,41.791220341,-87.688848758,,,,,,,,,,,,,,,,,,,,,,,,,,,,,,,,
ASSAULT,2025-03-17 14:30:00,41.891560798,-87.658602339,,,,,,,,,,,,,,,,,,,,,,,,,,,,,,,,
ASSAULT,2025-03-17 14:30:00,41.993932395,-87.67014351,,,,,,,,,,,,,,,,,,,,,,,,,,,,,,,,
MOTOR VEHICLE THEFT,2025-03-17 14:30:00,41.714216398,-87.642319373,,,,,,,,,,,,,,,,,,,,,,,,,,,,,,,,
ASSAULT,2025-03-17 14:29:00,41.878856126,-87.726694102,,,,,,,,,,,,,,,,,,,,,,,,,,,,,,,,
NARCOTICS,2025-03-17 14:26:00,41.890128925,-87.765212935,,,,,,,,,,,,,,,,,,,,,,,,,,,,,,,,
BATTERY,2025-03-17 14:25:00,41.932738985,-87.648117094,,,,,,,,,,,,,,,,,,,,,,,,,,,,,,,,
CRIMINAL DAMAGE,2025-03-17 14:23:00,41.889392455,-87.75784482,,,,,,,,,,,,,,,,,,,,,,,,,,,,,,,,
THEFT,2025-03-17 14:23:00,41.86821682,-87.6304532,,,,,,,,,,,,,,,,,,,,,,,,,,,,,,,,
THEFT,2025-03-17 14:19:00,41.907926167,-87.64819515,,,,,,,,,,,,,,,,,,,,,,,,,,,,,,,,
THEFT,2025-03-17 14:16:00,41.998734156,-87.660613118,,,,,,,,,,,,,,,,,,,,,,,,,,,,,,,,
THEFT,2025-03-17 14:15:00,41.85366954,-87.633148865,,,,,,,,,,,,,,,,,,,,,,,,,,,,,,,,
CRIMINAL DAMAGE,2025-03-17 14:10:00,41.953502273,-87.655144403,,,,,,,,,,,,,,,,,,,,,,,,,,,,,,,,
BATTERY,2025-03-17 14:09:00,41.979738594,-87.692710749,,,,,,,,,,,,,,,,,,,,,,,,,,,,,,,,
BATTERY,2025-03-17 14:06:00,41.803667488,-87.590528166,,,,,,,,,,,,,,,,,,,,,,,,,,,,,,,,
THEFT,2025-03-17 14:05:00,41.868541914,-87.639235361,,,,,,,,,,,,,,,,,,,,,,,,,,,,,,,,
THEFT,2025-03-17 14:04:00,41.915529957,-87.761412788,,,,,,,,,,,,,,,,,,,,,,,,,,,,,,,,
BATTERY,2025-03-17 14:04:00,41.906276004,-87.670011875,,,,,,,,,,,,,,,,,,,,,,,,,,,,,,,,
THEFT,2025-03-17 14:01:00,41.680481664,-87.540099953,,,,,,,,,,,,,,,,,,,,,,,,,,,,,,,,
CRIMINAL TRESPASS,2025-03-17 14:00:00,41.808521459,-87.621191543,,,,,,,,,,,,,,,,,,,,,,,,,,,,,,,,
BATTERY,2025-03-17 14:00:00,41.964083213,-87.728691769,,,,,,,,,,,,,,,,,,,,,,,,,,,,,,,,
THEFT,2025-03-17 14:00:00,41.85366954,-87.633148865,,,,,,,,,,,,,,,,,,,,,,,,,,,,,,,,
CRIMINAL DAMAGE,2025-03-17 14:00:00,41.838086672,-87.628951832,,,,,,,,,,,,,,,,,,,,,,,,,,,,,,,,
BATTERY,2025-03-17 14:00:00,41.912441678,-87.668482136,,,,,,,,,,,,,,,,,,,,,,,,,,,,,,,,
THEFT,2025-03-17 14:00:00,41.932812132,-87.64429052,,,,,,,,,,,,,,,,,,,,,,,,,,,,,,,,
MOTOR VEHICLE THEFT,2025-03-17 14:00:00,41.871403145,-87.727810983,,,,,,,,,,,,,,,,,,,,,,,,,,,,,,,,
MOTOR VEHICLE THEFT,2025-03-17 14:00:00,41.695029209,-87.537698676,,,,,,,,,,,,,,,,,,,,,,,,,,,,,,,,
BATTERY,2025-03-17 14:00:00,41.798741929,-87.62580711,,,,,,,,,,,,,,,,,,,,,,,,,,,,,,,,
BURGLARY,2025-03-17 14:00:00,41.841164277,-87.6171782,,,,,,,,,,,,,,,,,,,,,,,,,,,,,,,,
BATTERY,2025-03-17 14:00:00,41.890455604,-87.6241128,,,,,,,,,,,,,,,,,,,,,,,,,,,,,,,,
BURGLARY,2025-03-17 13:53:00,41.861427333,-87.646749796,,,,,,,,,,,,,,,,,,,,,,,,,,,,,,,,
WEAPONS VIOLATION,2025-03-17 13:53:00,41.735915303,-87.635440578,,,,,,,,,,,,,,,,,,,,,,,,,,,,,,,,
THEFT,2025-03-17 13:49:00,41.893469034,-87.632648229,,,,,,,,,,,,,,,,,,,,,,,,,,,,,,,,
THEFT,2025-03-17 13:45:00,41.879687325,-87.731852845,,,,,,,,,,,,,,,,,,,,,,,,,,,,,,,,
OTHER OFFENSE,2025-03-17 13:41:00,41.751880122,-87.652561724,,,,,,,,,,,,,,,,,,,,,,,,,,,,,,,,
ASSAULT,2025-03-17 13:40:00,41.830619057,-87.626641352,,,,,,,,,,,,,,,,,,,,,,,,,,,,,,,,
DECEPTIVE PRACTICE,2025-03-17 13:40:00,41.869433632,-87.655751038,,,,,,,,,,,,,,,,,,,,,,,,,,,,,,,,
THEFT,2025-03-17 13:39:00,41.925843451,-87.702341464,,,,,,,,,,,,,,,,,,,,,,,,,,,,,,,,
CRIMINAL DAMAGE,2025-03-17 13:32:00,41.677322814,-87.629851051,,,,,,,,,,,,,,,,,,,,,,,,,,,,,,,,
DECEPTIVE PRACTICE,2025-03-17 13:30:00,41.92046017,-87.67083136,,,,,,,,,,,,,,,,,,,,,,,,,,,,,,,,
ROBBERY,2025-03-17 13:25:00,41.67754063,-87.625100948,,,,,,,,,,,,,,,,,,,,,,,,,,,,,,,,
ASSAULT,2025-03-17 13:22:00,41.677322814,-87.629851051,,,,,,,,,,,,,,,,,,,,,,,,,,,,,,,,
THEFT,2025-03-17 13:21:00,41.909636288,-87.745300725,,,,,,,,,,,,,,,,,,,,,,,,,,,,,,,,
BATTERY,2025-03-17 13:20:00,41.707519433,-87.601839023,,,,,,,,,,,,,,,,,,,,,,,,,,,,,,,,
NARCOTICS,2025-03-17 13:20:00,41.736277427,-87.62510451,,,,,,,,,,,,,,,,,,,,,,,,,,,,,,,,
OTHER OFFENSE,2025-03-17 13:19:00,41.923800472,-87.777496163,,,,,,,,,,,,,,,,,,,,,,,,,,,,,,,,
